<?xml version="1.0" ?>

<list>

<item>
	<id>1</id>
	<name>Canned Beans</name>
</item>

<item>
	<id>2</id>
	<name>Canned Tuna</name>
</item>

<item>
	<id>3</id>
	<name>Tactical Bacon</name>
</item>

<item>
	<id>4</id>
	<name>Rice</name>
</item>

<item>
	<id>5</id>
	<name>Tomato</name>
</item>

<item>
	<id>6</id>
	<name>Apple</name>
</item>

<item>
	<id>7</id>
	<name>Banana</name>
</item>

<item>
	<id>8</id>
	<name>Pipsi</name>
</item>

<item>
	<id>9</id>
	<name>Spite</name>
</item>

<item>
	<id>10</id>
	<name>Kvas</name>
</item>

<item>
	<id>11</id>
	<name>5.56x45 Ammo</name>
</item>

<item>
	<id>12</id>
	<name>.45 ACP Ammo</name>
</item>

<item>
	<id>13</id>
	<name>7.62x54R Ammo</name>
</item>

<item>
	<id>14</id>
	<name>7.62x39 Ammo</name>
</item>

<item>
	<id>15</id>
	<name>5.45x39 Ammo</name>
</item>

<item>
	<id>16</id>
	<name>.357 Ammo</name>
</item>

<item>
	<id>17</id>
	<name>12 Cal Ammo</name>
</item>

<item>
	<id>18</id>
	<name>Bandage</name>
</item>

<item>
	<id>19</id>
	<name>Blood Bag</name>
</item>

<item>
	<id>20</id>
	<name>Flare</name>
</item>

<item>
	<id>21</id>
	<name>F1 Grenade</name>
</item>

<item>
	<id>22</id>
	<name>Battery</name>
</item>

<item>
	<id>23</id>
	<name>Campfire Kit</name>
</item>

<item>
	<id>24</id>
	<name>Matches</name>
</item>

<item>
	<id>25</id>
	<name>Whiskey</name>
</item>

<item>
	<id>26</id>
	<name>Rags</name>
</item>

<item>
	<id>27</id>
	<name>Cranberries</name>
</item>

<item>
	<id>28</id>
	<name>Saline Bag</name>
</item>

<item>
	<id>29</id>
	<name>Vitamins</name>
</item>

<item>
	<id>30</id>
	<name>Nota-Cola</name>
</item>

<item>
	<id>31</id>
	<name>Zucchini</name>
</item>

<item>
	<id>32</id>
	<name>Bell Pepper</name>
</item>

<item>
	<id>33</id>
	<name>Orange</name>
</item>

<item>
	<id>34</id>
	<name>Heatpack</name>
</item>

<item>
	<id>35</id>
	<name>Sewing Kit</name>
</item>

<item>
	<id>36</id>
	<name>Cleaning Kit</name>
</item>

<item>
	<id>37</id>
	<name>Ashwood Stick</name>
</item>

<item>
	<id>38</id>
	<name>Wooden Sticks</name>
</item>

<item>
	<id>39</id>
	<name>Duct Tape</name>
</item>

<item>
	<id>40</id>
	<name>Burlap Sack</name>
</item>

<item>
	<id>41</id>
	<name>Rope</name>
</item>

<item>
	<id>42</id>
	<name>Hunting Knife</name>
</item>

<item>
	<id>43</id>
	<name>Army Knife</name>
</item>

<item>
	<id>44</id>
	<name>Butcher Knife</name>
</item>

<item>
	<id>45</id>
	<name>Morphine</name>
</item>

<item>
	<id>46</id>
	<name>Tetracycline</name>
</item>

<item>
	<id>47</id>
	<name>Tomato Seeds Pack</name>
</item>

<item>
	<id>48</id>
	<name>Bell Pepper Seeds Pack</name>
</item>

<item>
	<id>49</id>
	<name>Newspapers</name>
</item>

<item>
	<id>50</id>
	<name>Woodpiles</name>
</item>

<item>
	<id>51</id>
	<name>Crafted Arrow</name>
</item>

<item>
	<id>52</id>
	<name>Composite Arrow</name>
</item>

<item>
	<id>53</id>
	<name>Gasoline Can</name>
</item>

<item>
	<id>54</id>
	<name>Water Bottle</name>
</item>

<item>
	<id>55</id>
	<name>Canteen</name>
</item>

<item>
	<id>56</id>
	<name>Land Mine</name>
</item>

<item>
	<id>57</id>
	<name>Bear Trap</name>
</item>

<item>
	<id>58</id>
	<name>.22 LR Ammo</name>
</item>

<item>
	<id>59</id>
	<name>Car Tool Kit</name>
</item>

<item>
	<id>60</id>
	<name>Raw Steak</name>
</item>

<item>
	<id>61</id>
	<name>Cooked Steak</name>
</item>

<item>
	<id>62</id>
	<name>Nuka-Cola</name>
</item>

<item>
	<id>63</id>
	<name>Energy Drink</name>
</item>

<item>
	<id>68</id>
	<name>Zucchini Seeds Pack</name>
</item>

<item>
	<id>69</id>
	<name>9x19 Ammo</name>
</item>

<item>
	<id>70</id>
	<name>Barbed Wire</name>
</item>

<item>
	<id>71</id>
	<name>Raw Rabbit</name>
</item>

<item>
	<id>72</id>
	<name>Cooked Rabbit</name>
</item>

<item>
	<id>73</id>
	<name>Cloudberries</name>
</item>

<item>
	<id>74</id>
	<name>Bilberries</name>
</item>

<item>
	<id>75</id>
	<name>Radio</name>
</item>

<item>
	<id>76</id>
	<name>RDS</name>
</item>

<item>
	<id>77</id>
	<name>PU Scope</name>
</item>

<item>
	<id>78</id>
	<name>PSO-1 Scope</name>
</item>

<item>
	<id>79</id>
	<name>ACOG Scope</name>
</item>

<item>
	<id>80</id>
	<name>5.45 Suppressor</name>
</item>

<item>
	<id>81</id>
	<name>5.56 Suppressor</name>
</item>

<item>
	<id>82</id>
	<name>Hacksaw</name>
</item>

<item>
	<id>83</id>
	<name>Bandolier</name>
</item>

<item>
	<id>85</id>
	<name>MRE</name>
</item>

<item>
	<id>86</id>
	<name>Spinning Fishing Rod</name>
</item>

<item>
	<id>87</id>
	<name>Simple Fishing Rod</name>
</item>

<item>
	<id>88</id>
	<name>Protective Case</name>
</item>

<item>
	<id>89</id>
	<name>Magpul</name>
</item>

<item>
	<id>90</id>
	<name>Choke</name>
</item>

<item>
	<id>91</id>
	<name>Herring</name>
</item>

<item>
	<id>92</id>
	<name>Salmon</name>
</item>

<item>
	<id>93</id>
	<name>Ruffe</name>
</item>

<item>
	<id>94</id>
	<name>Perch</name>
</item>

<item>
	<id>95</id>
	<name>Small Cooked Fillet</name>
</item>

<item>
	<id>96</id>
	<name>Large Cooked Fillet</name>
</item>

<item>
	<id>97</id>
	<name>Mushroom</name>
</item>

<item>
	<id>98</id>
	<name>Long Range Scope</name>
</item>

<item>
	<id>99</id>
	<name>Claymore</name>
</item>

<item>
	<id>100</id>
	<name>9x18 Ammo</name>
</item>

<item>
	<id>101</id>
	<name>9x39 Ammo</name>
</item>

<item>
	<id>102</id>
	<name>Molotov Cocktail</name>
</item>

<item>
	<id>103</id>
	<name>Flare Gun</name>
</item>

<item>
	<id>104</id>
	<name>.50 Ammo</name>
</item>

<item>
	<id>105</id>
	<name>40mm Grenade</name>
</item>

<item>
	<id>106</id>
	<name>VOG-25 Grenade</name>
</item>

<item>
	<id>107</id>
	<name>M203 Grenade Launcher</name>
</item>

<item>
	<id>108</id>
	<name>GP-25 Grenade Launcher</name>
</item>

<item>
	<id>109</id>
	<name>IV Kit</name>
</item>

<item>
	<id>110</id>
	<name>Whetstone</name>
</item>

<item>
	<id>111</id>
	<name>AK Grip</name>
</item>

<item>
	<id>112</id>
	<name>Rail Grip</name>
</item>

<item>
	<id>113</id>
	<name>Map Notes</name>
</item>

<item>
	<id>114</id>
	<name>Elderberries</name>
</item>

<item>
	<id>115</id>
	<name>Binoculars</name>
</item>

<item>
	<id>116</id>
	<name>Scout Handbook</name>
</item>

<item>
	<id>117</id>
	<name>Canvas</name>
</item>

<item>
	<id>118</id>
	<name>Adhesive Plaster</name>
</item>

<item>
	<id>119</id>
	<name>Smoke Grenade</name>
</item>

<item>
	<id>120</id>
	<name>Cigarettes</name>
</item>

<item>
	<id>121</id>
	<name>Beer</name>
</item>

<item>
	<id>122</id>
	<name>Epoxy Glue</name>
</item>

<item>
	<id>123</id>
	<name>Fertilizer</name>
</item>

<item>
	<id>124</id>
	<name>Laser Sight</name>
</item>

<item>
	<id>125</id>
	<name>Lighter</name>
</item>

<item>
	<id>126</id>
	<name>Officer's Keycard</name>
</item>

<item>
	<id>127</id>
	<name>Improvised Suppressor</name>
</item>

<item>
	<id>128</id>
	<name>PVS-4 Night Vision Scope</name>
</item>

<item>
	<id>129</id>
	<name>1PN51 Night Vision Scope</name>
</item>

<item>
	<id>130</id>
	<name>C-MAG 5.56 Drum</name>
</item>

<item>
	<id>131</id>
	<name>7.62x39 Drum Mag</name>
</item>

<item>
	<id>132</id>
	<name>Frying Pan</name>
</item>

<item>
	<id>133</id>
	<name>Gas Mask</name>
</item>

<item>
	<id>134</id>
	<name>Balaclava</name>
</item>

<item>
	<id>135</id>
	<name>GP5 Gas Mask</name>
</item>

<item>
	<id>136</id>
	<name>Clown Mask</name>
</item>

<item>
	<id>137</id>
	<name>Mini Game Console</name>
</item>

<item>
	<id>138</id>
	<name>.308 Ammo</name>
</item>

<item>
	<id>139</id>
	<name>Sneakers</name>
</item>

<item>
	<id>140</id>
	<name>Woodland Boots</name>
</item>

<item>
	<id>141</id>
	<name>Assault Boots</name>
</item>

<item>
	<id>142</id>
	<name>Gun Sling</name>
</item>

<item>
	<id>143</id>
	<name>Charcoal Tablets</name>
</item>

<item>
	<id>144</id>
	<name>Blowtorch</name>
</item>

<item>
	<id>145</id>
	<name>Ghillie Suit</name>
</item>

<item>
	<id>146</id>
	<name>Underbarrel Flashlight</name>
</item>

<item>
	<id>147</id>
	<name>Laser AK Grip</name>
</item>

<item>
	<id>148</id>
	<name>Laser Rail Grip</name>
</item>

<item>
	<id>700</id>
	<name>NBC Boots</name>
</item>

<item>
	<id>701</id>
	<name>NBC Gloves</name>
</item>

<item>
	<id>702</id>
	<name>C Protective Suit</name>
</item>

<item>
	<id>703</id>
	<name>Hazmat Suit</name>
</item>

<item>
	<id>704</id>
	<name>12 Gauge Drum Mag</name>
</item>

<item>
	<id>705</id>
	<name>Dye Bucket🌈</name>
</item>

<item>
	<id>706</id>
	<name>Headlamp</name>
</item>

<item>
	<id>707</id>
	<name>NVG</name>
</item>

<item>
	<id>708</id>
	<name>AI-2 Medkit</name>
</item>

<item>
	<id>709</id>
	<name>Doggo Kennel</name>
</item>

<item>
	<id>710</id>
	<name>Adrenaline</name>
</item>

<item>
	<id>711</id>
	<name>CBRN Suit</name>
</item>

<item>
	<id>712</id>
	<name>NBC Suit</name>
</item>

<item>
	<id>713</id>
	<name>"C" level NBC Suit</name>
</item>

<item>
	<id>714</id>
	<name>Deerskin</name>
</item>

<item>
	<id>715</id>
	<name>C-MAG 5.45 Drum</name>
</item>

<item>
	<id>716</id>
	<name>Supplies Stache</name>
</item>

<item>
	<id>717</id>
	<name>Secret Items Stache</name>
</item>

<item>
	<id>718</id>
	<name>Egg</name>
</item>

<item>
	<id>719</id>
	<name>Raw Chicken</name>
</item>

<item>
	<id>720</id>
	<name>Cooked Chicken</name>
</item>

<item>
	<id>721</id>
	<name>Pistol Sights</name>
</item>

<item>
	<id>722</id>
	<name>Pistol Suppressor</name>
</item>

<item>
	<id>723</id>
	<name>Pistol Flashlight</name>
</item>

<item>
	<id>724</id>
	<name>Fried Egg</name>
</item>

<item>
	<id>725</id>
	<name>Stir-fried Meat w/Bell Peppers</name>
</item>

<item>
	<id>726</id>
	<name>Eggs Scramble w/Tomatoes</name>
</item>

<item>
	<id>727</id>
	<name>Searchlight Set</name>
</item>

<item>
	<id>728</id>
	<name></name>
</item>

<item>
	<id>729</id>
	<name>VOG-25 Khatabka</name>
</item>

<item>
	<id>730</id>
	<name>FNX 45</name>
</item>

<item>
	<id>731</id>
	<name>Colt 1911</name>
</item>

<item>
	<id>732</id>
	<name>Magnum Revolver</name>
</item>

<item>
	<id>733</id>
	<name>Amphibia S</name>
</item>

<item>
	<id>734</id>
	<name>Glock 17</name>
</item>

<item>
	<id>735</id>
	<name>Sawn-Off IZh-43</name>
</item>

<item>
	<id>736</id>
	<name>Sawn-Off Mosin</name>
</item>

<item>
	<id>737</id>
	<name>Engraved Colt</name>
</item>

<item>
	<id>738</id>
	<name>Mare's Leg</name>
</item>

<item>
	<id>739</id>
	<name>PM</name>
</item>

<item>
	<id>740</id>
	<name>PB</name>
</item>

<item>
	<id>741</id>
	<name>Desert Eagle</name>
</item>

<item>
	<id>742</id>
	<name>M79</name>
</item>

<item>
	<id>743</id>
	<name>Sawn-Off Blaze</name>
</item>

<item>
	<id>744</id>
	<name>Longhorn</name>
</item>

<item>
	<id>745</id>
	<name>MAC-10</name>
</item>

<item>
	<id>746</id>
	<name>Mini-UZI</name>
</item>

<!--Weapons-->

<item>
	<id>151</id>
	<name>FNX 45</name>
</item>

<item>
	<id>152</id>
	<name>Colt 1911</name>
</item>

<item>
	<id>153</id>
	<name>Magnum Revolver</name>
</item>

<item>
	<id>154</id>
	<name>IZh-43</name>
</item>

<item>
	<id>155</id>
	<name>Remington 870</name>
</item>

<item>
	<id>156</id>
	<name>Mosin-Nagant</name>
</item>

<item>
	<id>157</id>
	<name>SKS</name>
</item>

<item>
	<id>158</id>
	<name>M4A1</name>
</item>

<item>
	<id>159</id>
	<name>AKM</name>
</item>

<item>
	<id>160</id>
	<name>AK-74</name>
</item>

<item>
	<id>161</id>
	<name>AKs-74U</name>
</item>

<item>
	<id>162</id>
	<name>L85A2</name>
</item>

<item>
	<id>163</id>
	<name>Improvised Bow</name>
</item>

<item>
	<id>164</id>
	<name>Hunting Crossbow</name>
</item>

<item>
	<id>165</id>
	<name>Amphibia S</name>
</item>

<item>
	<id>166</id>
	<name>Ruger 10/22 Sporter</name>
</item>

<item>
	<id>167</id>
	<name>M92 Repeater</name>
</item>

<item>
	<id>168</id>
	<name>SVD Dragunov</name>
</item>

<item>
	<id>169</id>
	<name>MP5K</name>
</item>

<item>
	<id>170</id>
	<name>Glock 17</name>
</item>

<item>
	<id>171</id>
	<name>Sawn-Off IZh-43</name>
</item>

<item>
	<id>172</id>
	<name>Sawn-Off Mosin</name>
</item>

<item>
	<id>173</id>
	<name>UMP-45</name>
</item>

<item>
	<id>174</id>
	<name>RPK</name>
</item>

<item>
	<id>175</id>
	<name>FN-FAL</name>
</item>

<item>
	<id>176</id>
	<name>Engraved Colt</name>
</item>

<item>
	<id>177</id>
	<name>AUG A1</name>
</item>

<item>
	<id>178</id>
	<name>Saiga-12K</name>
</item>

<item>
	<id>179</id>
	<name>MAC-10</name>
</item>

<item>
	<id>180</id>
	<name>Mare's Leg</name>
</item>

<item>
	<id>181</id>
	<name>PM</name>
</item>

<item>
	<id>182</id>
	<name>PB</name>
</item>

<item>
	<id>183</id>
	<name>PP-19 Bizon</name>
</item>

<item>
	<id>184</id>
	<name>OTs-14 Groza</name>
</item>

<item>
	<id>185</id>
	<name>VSS Vintorez</name>
</item>

<item>
	<id>186</id>
	<name>SV-98</name>
</item>

<item>
	<id>187</id>
	<name>Madsen</name>
</item>

<item>
	<id>188</id>
	<name>AN-94</name>
</item>

<item>
	<id>189</id>
	<name>Desert Eagle</name>
</item>

<item>
	<id>190</id>
	<name>Silenced Remington</name>
</item>

<item>
	<id>191</id>
	<name>M16A2</name>
</item>

<item>
	<id>192</id>
	<name>KRISS Vector</name>
</item>

<item>
	<id>193</id>
	<name>M4A1</name>
</item>

<item>
	<id>194</id>
	<name>AKM</name>
</item>

<item>
	<id>195</id>
	<name>M70</name>
</item>

<item>
	<id>196</id>
	<name>Saiga-12K</name>
</item>

<item>
	<id>197</id>
	<name>RPK</name>
</item>

<item>
	<id>198</id>
	<name>M16A2</name>
</item>

<item>
	<id>199</id>
	<name>AUG A1</name>
</item>

<item>
	<id>230</id>
	<name>Milkor MGL</name>
</item>

<item>
	<id>231</id>
	<name>Blaze</name>
</item>

<item>
	<id>232</id>
	<name>FAMAS F1</name>
</item>

<item>
	<id>233</id>
	<name>Mini-14</name>
</item>

<item>
	<id>234</id>
	<name>M79</name>
</item>

<item>
	<id>235</id>
	<name>Sawn-Off Blaze</name>
</item>

<item>
	<id>236</id>
	<name>Longhorn</name>
</item>

<item>
	<id>237</id>
	<name>AK-74</name>
</item>

<item>
	<id>238</id>
	<name>AKs-74U</name>
</item>

<item>
	<id>239</id>
	<name>Mini-UZI</name>
</item>

<!--Meele-->

<item>
	<id>200</id>
	<name>Pipe Wrench</name>
</item>

<item>
	<id>201</id>
	<name>Shovel</name>
</item>

<item>
	<id>202</id>
	<name>Hatchet</name>
</item>

<item>
	<id>203</id>
	<name>Baseball Bat</name>
</item>

<item>
	<id>204</id>
	<name>Fire Axe</name>
</item>

<item>
	<id>205</id>
	<name>Crowbar</name>
</item>

<item>
	<id>206</id>
	<name>Pickaxe</name>
</item>

<item>
	<id>207</id>
	<name>Pitchfork</name>
</item>

<item>
	<id>208</id>
	<name>Sledgehammer</name>
</item>

<item>
	<id>209</id>
	<name>Crusader Sword</name>
</item>

<item>
	<id>210</id>
	<name>Frying Pan</name>
</item>

<item>
	<id>211</id>
	<name>Katana</name>
</item>

<item>
	<id>212</id>
	<name>Barbed Baseball Bat</name>
</item>

<item>
	<id>213</id>
	<name>Chainsaw</name>
</item>

<item>
	<id>214</id>
	<name>Generator</name>
</item>

<item>
	<id>215</id>
	<name>Metal Sheet</name>
</item>

<!--Headwear-->

<item>
	<id>250</id>
	<name>Gas Mask</name>
</item>

<item>
	<id>251</id>
	<name>Army Helmet</name>
</item>

<item>
	<id>252</id>
	<name>Motorcycle Helmet</name>
</item>

<item>
	<id>253</id>
	<name>Motorcycle Helmet</name>
</item>

<item>
	<id>254</id>
	<name>Warm Hat</name>
</item>

<item>
	<id>255</id>
	<name>Beret</name>
</item>

<item>
	<id>256</id>
	<name>Cap</name>
</item>

<item>
	<id>257</id>
	<name>Balaclava</name>
</item>

<item>
	<id>258</id>
	<name>Ushanka</name>
</item>

<item>
	<id>259</id>
	<name>Hard Hat</name>
</item>

<item>
	<id>260</id>
	<name>Headlamp</name>
</item>

<item>
	<id>261</id>
	<name>Cowboy Hat</name>
</item>

<item>
	<id>262</id>
	<name>Welding Mask</name>
</item>

<item>
	<id>263</id>
	<name>Gorka Helmet</name>
</item>

<item>
	<id>264</id>
	<name>Police Hat</name>
</item>

<item>
	<id>265</id>
	<name>NVG</name>
</item>

<item>
	<id>266</id>
	<name>Bandana</name>
</item>

<item>
	<id>267</id>
	<name>Crusader Helm</name>
</item>

<item>
	<id>268</id>
	<name>Pilot Helmet</name>
</item>

<item>
	<id>269</id>
	<name>Altyn Helmet</name>
</item>

<item>
	<id>270</id>
	<name>"Killa" Altyn Helmet</name>
</item>

<item>
	<id>271</id>
	<name>GP5 Gas Mask</name>
</item>

<item>
	<id>272</id>
	<name>Clown Mask</name>
</item>

<item>
	<id>273</id>
	<name>Assault Helmet</name>
</item>

<item>
	<id>274</id>
	<name>Assault Helmet</name>
</item>

<item>
	<id>275</id>
	<name>Assault Helmet</name>
</item>

<item>
	<id>276</id>
	<name>Assault Helmet</name>
</item>

<!--Pants-->

<item>
	<id>300</id>
	<name>Jeans</name>
</item>

<item>
	<id>301</id>
	<name>Worker Pants</name>
</item>

<item>
	<id>302</id>
	<name>Tracksuit Pants</name>
</item>

<item>
	<id>303</id>
	<name>Gorka Pants</name>
</item>

<item>
	<id>304</id>
	<name>Orel Pants</name>
</item>

<item>
	<id>305</id>
	<name>Paramedic Pants</name>
</item>

<item>
	<id>306</id>
	<name>Hunter Pants</name>
</item>

<!--Top-Wear-->

<item>
	<id>350</id>
	<name>T-shirt</name>
</item>

<item>
	<id>351</id>
	<name>Shirt</name>
</item>

<item>
	<id>352</id>
	<name>Shirt</name>
</item>

<item>
	<id>353</id>
	<name>Raincoat</name>
</item>

<item>
	<id>354</id>
	<name>Jacket</name>
</item>

<item>
	<id>355</id>
	<name>Gorka Jacket</name>
</item>

<item>
	<id>356</id>
	<name>Hoodie</name>
</item>

<item>
	<id>357</id>
	<name>Hoodie</name>
</item>

<item>
	<id>358</id>
	<name>Trench Coat</name>
</item>

<item>
	<id>359</id>
	<name>Paramedic Jacket</name>
</item>

<item>
	<id>360</id>
	<name>Orel Jacket</name>
</item>

<item>
	<id>361</id>
	<name>Tracksuit Jacket</name>
</item>

<item>
	<id>362</id>
	<name>Dress</name>
</item>

<item>
	<id>363</id>
	<name>Down Jacket</name>
</item>

<item>
	<id>364</id>
	<name>Hunter Jacket</name>
</item>

<item>
	<id>365</id>
	<name>Sweater</name>
</item>

<item>
	<id>366</id>
	<name>Awesome Hoodie</name>
</item>

<!--Vests-->

<item>
	<id>400</id>
	<name>Bulletproof Vest</name>
</item>

<item>
	<id>401</id>
	<name>Press Vest</name>
</item>

<item>
	<id>402</id>
	<name>Assault Vest</name>
</item>

<item>
	<id>403</id>
	<name>High Capacity Vest</name>
</item>

<item>
	<id>404</id>
	<name>Kevlar Vest</name>
</item>

<item>
	<id>405</id>
	<name>Soviet Vest</name>
</item>

<item>
	<id>406</id>
	<name>Apron</name>
</item>

<item>
	<id>407</id>
	<name>Ghillie Suit</name>
</item>

<item>
	<id>408</id>
	<name>M Heavy Armor</name>
</item>

<item>
	<id>409</id>
	<name>C Protective Suit</name>
</item>

<item>
	<id>410</id>
	<name>M Kevlar CBRN Suit</name>
</item>

<item>
	<id>411</id>
	<name>M Heavy CBRN Suit</name>
</item>

<item>
	<id>412</id>
	<name>M Ghillie CBRN Suit</name>
</item>

<item>
	<id>413</id>
	<name>Hazmat Suit</name>
</item>

<item>
	<id>414</id>
	<name>NBC Suit</name>
</item>

<item>
	<id>415</id>
	<name>CBRN Suit</name>
</item>

<!--Backpacks-->

<item>
	<id>450</id>
	<name>Taloon Backpack</name>
</item>

<item>
	<id>451</id>
	<name>Hunting Backpack</name>
</item>

<item>
	<id>452</id>
	<name>Mountain Backpack</name>
</item>

<item>
	<id>453</id>
	<name>School Backpack</name>
</item>

<item>
	<id>454</id>
	<name>Improvised Sling Bag</name>
</item>

<item>
	<id>455</id>
	<name>Improvised Backpack</name>
</item>

<item>
	<id>456</id>
	<name>Camping Backpack</name>
</item>

<item>
	<id>457</id>
	<name>Tortilla Backpack</name>
</item>

<item>
	<id>458</id>
	<name>Satchel</name>
</item>

<item>
	<id>459</id>
	<name>Military Satchel</name>
</item>

<item>
	<id>460</id>
	<name>IFAK Satchel</name>
</item>

</list>