<?xml version="1.0" ?>

<list>
<!-- Inventory items-->
<text>
	<id>1</id>
	<name>Comida +30
Hidratación +5
</name>
</text>

<text>
	<id>2</id>
	<name>Comida +20
</name>
</text>

<text>
	<id>3</id>
	<name>Comida +35
</name>
</text>

<text>
	<id>4</id>
	<name>Comida +65
</name>
</text>

<text>
	<id>5</id>
	<name>Comida +15
Hidratación +5
Espacio Maximo: 3

Se puede plantar con piqueta, horca o pala.
</name>
</text>

<text>
	<id>6</id>
	<name>Comida +15
Hidratación +5
Espacio Maximo: 3
</name>
</text>

<text>
	<id>7</id>
	<name>Comida +15
Hidratación +5
Espacio Maximo: 3
</name>
</text>

<text>
	<id>8</id>
	<name>Hidratación +30
</name>
</text>

<text>
	<id>9</id>
	<name>Hidratación +30
</name>
</text>

<text>
	<id>10</id>
	<name>Hidratación +50
</name>
</text>

<text>
	<id>11</id>
	<name>Munición para: M4, L85, FN CAL, AUG.
Espacio Maximo: 30
</name>
</text>

<text>
	<id>12</id>
	<name>Munición para: FNX, Colt, UMP-45.
Espacio Maximo: 30
</name>
</text>

<text>
	<id>13</id>
	<name>Munición para: Sawed Mosin, Mosin Nagant, SVD, SV-98, Madsen.
Espacio Maximo: 20
</name>
</text>

<text>
	<id>14</id>
	<name>Munición para: SKS, AKM, RPK.
Espacio Maximo: 30
</name>
</text>

<text>
	<id>15</id>
	<name>Munición para: AK-74u, AK-74, AN-94.
Espacio Maximo: 30
</name>
</text>

<text>
	<id>16</id>
	<name>Munición para: Magnum, Mare's Leg, Repeater.
Espacio Maximo: 30
</name>
</text>

<text>
	<id>17</id>
	<name>Munición para: IZH-43, Sawed IZH, Remington, Saiga-12k.
Espacio Maximo: 15
</name>
</text>

<text>
	<id>18</id>
	<name>Detiene el sangrado.
Tiempo de aplicado: 3 segundos.
Espacio Máximo: 3
</name>
</text>

<text>
	<id>19</id>
	<name>+50 sangre.
Tiempo de aplicado: 6 segundos.
</name>
</text>

<text>
	<id>20</id>
	<name>Entorno de luces. Atrae a los zombis cercanos cuando se quema. Arde durante 90 segundos. 

Ingrediente para: Molotov.
</name>
</text>

<text>
	<id>21</id>
	<name>Explota fuertemente después de 2 segundos.
</name>
</text>

<text>
	<id>22</id>
	<name>Utilizado en radio, NVG, Lámpara de cabeza.
</name>
</text>

<text>
	<id>23</id>
	<name>Después del despliegue se puede encender con cerillas.  Se quema durante 3 minutos.  Puede usarse 3 veces.
</name>
</text>

<text>
	<id>24</id>
	<name>Puede encender el kit de hoguera para hacer una fogata o sirve para prender cigarrillos.
</name>
</text>

<text>
	<id>25</id>
	<name>+20 Hidratación
+40 Calor

ingrediente para: Molotov.
</name>
</text>

<text>
	<id>26</id>
	<name>Detiene el sangrado.
Tiempo de aplicado: 5 segundos.
Espacio Maximo: 3

Ingrediente para: Kit de hoguera.
</name>
</text>

<text>
	<id>27</id>
	<name>Comida +15
Hidratación +15
Espacio Maximo: 3
</name>
</text>

<text>
	<id>28</id>
	<name>+25 Sangre.
Tiempo de aplicado: 6 segundos.
</name>
</text>

<text>
	<id>29</id>
	<name>Duplica la velocidad de regeneración de la sangre durante 60 segundos. 
</name>
</text>

<text>
	<id>30</id>
	<name>Hidratación +35
</name>
</text>

<text>
	<id>31</id>
	<name>+20 Comida
+20 Hidratación
Espacio Maximo: 3

Se puede plantar con piqueta, horca o pala.
</name>
</text>

<text>
	<id>32</id>
	<name>+20 Comida
+5 Hidratación
Espacio Maximo: 3

Se puede plantar con piqueta, horca o pala
</name>
</text>

<text>
	<id>33</id>
	<name>+15 Comida
+15 Hidratación
Espacio Maximo: 3
</name>
</text>

<text>
	<id>34</id>
	<name>+25 Calor
</name>
</text>

<text>
	<id>35</id>
	<name>+50% Durabilidad cuando se usa en algunos equipamentos.
</name>
</text>

<text>
	<id>36</id>
	<name>+25% Durabilidad a las armas de fuego.
</name>
</text>

<text>
	<id>37</id>
	<name>Ingrediente para: Caña de pescar, Arco improvisado.
</name>
</text>

<text>
	<id>38</id>
	<name>Ingrediente para: kit de hoguera, flechas improvisadas, mochila improvisada, valla improvisada.
Espacio Maximo: 5
</name>
</text>

<text>
	<id>39</id>
	<name>+15% Durabilidad cuando se usa en algunos equipamentos.
 Necesario para que la reparación del barco llegue a la tercera isla.
</name>
</text>

<text>
	<id>40</id>
	<name>Ingrediente para: Bolsa improvisada, lona.
</name>
</text>

<text>
	<id>41</id>
	<name>Ingrediente para: Bolsa improvisada., Arco improvisado, Caña de pescar.
</name>
</text>

<text>
	<id>42</id>
	<name>Requerido para desollar animales.

Daño: 14-24
Probabilidad de crítico: 10%
Probabilidad de bloqueo: 5%
Tiempo de carga: 0.8s
</name>
</text>

<text>
	<id>43</id>
	<name>Requerido para desollar animales

Daño: 15-25
Probabilidad de crítico: 15%
Probabilidad de bloqueo: 5%
Tiempo de carga: 0.8s
</name>
</text>

<text>
	<id>44</id>
	<name>Requerido para desollar animales.

Daño: 16-26
Probabilidad de crítico: 20%
Probabilidad de bloqueo: 5%
Tiempo de carga: 0.8s
</name>
</text>

<text>
	<id>45</id>
	<name>Durante 10 segundos da +50 de sangre cada segundo y aumenta la velocidad de movimiento.
 Al final del efecto, la sangre cae a 25.
</name>
</text>

<text>
	<id>46</id>
	<name>Elimina la enfermedad.  También proporciona inmunidad a las enfermedades durante 5 minutos.
Tiempo de aplicado: 3 segundos.
</name>
</text>

<text>
	<id>47</id>
	<name>Puede usarse hasta 5 veces.
 Se puede plantar con piqueta, horca o pala.
</name>
</text>

<text>
	<id>48</id>
	<name>Puede usarse hasta 5 veces.
 Se puede plantar con piqueta, tridente o pala.
</name>
</text>

<text>
	<id>49</id>
	<name>Ingrediente para: Kit de hoguera
</name>
</text>

<text>
	<id>50</id>
	<name>Ingrediente para: Kit de hoguera, Valla, Escondite.
 Necesario para que la reparación del barco llegue a la segunda isla.
</name>
</text>

<text>
	<id>51</id>
	<name>Tiene 75% de probabilidad de romperse tras disparo.
Munición para: Arco improvisado, ballesta.
Daño: 37-63
Espacio Maximo: 5
</name>
</text>

<text>
	<id>52</id>
	<name>Tiene un 50% de probabilidad de romperse tras disparo.
Munición para: Arco improvisado, ballesta.
Daño: 56-94
Espacio Maximo: 5
</name>
</text>

<text>
	<id>53</id>
	<name>+50 Combustible cuando se usa en un vehículo manejable.
 Necesario para que la reparación del barco llegue a la cuarta isla.
</name>
</text>

<text>
	<id>54</id>
	<name>+12 Agua por uso.
 Se puede rellenar con bombas de agua.
</name>
</text>

<text>
	<id>55</id>
	<name>+25 Agua por uso.
 Se puede rellenar con bombas de agua.
</name>
</text>

<text>
	<id>56</id>
	<name>Después de desplegarse y disparar, explota con metralla radial.  No puede ser provocado por usted.
</name>
</text>

<text>
	<id>57</id>
	<name>Después de desplegar y disparar, inflige 200 de daño al objetivo.  No puede ser activado por usted.
</name>
</text>

<text>
	<id>58</id>
	<name>Munición para: Sporter 22, Amphibia pistol.
Espacio Maximo: 50
</name>
</text>

<text>
	<id>59</id>
	<name>Repara vehículo manejable en + 25%.
</name>
</text>

<text>
	<id>60</id>
	<name>+25 Comida
+10 Hidratación
50% posibilidad de enfermarse al comer.

Puede cocinarse en la fogata.
</name>
</text>

<text>
	<id>61</id>
	<name>+50 Comida
+10 Hidratación
+15 Sangre
</name>
</text>

<text>
	<id>62</id>
	<name>+100 Hidratación
+50 XP
Duplica la velocidad de regeneración de la sangre durante 60 segundos.
</name>
</text>

<text>
	<id>63</id>
	<name>+15% Velocidad de movimiento durante 20 segundos.
</name>
</text>

<text>
	<id>68</id>
	<name>+15% Velocidad de movimiento durante 20 segundos.
</name>
</text>

<text>
	<id>69</id>
	<name>Munición para: Glock, Mp5k, Mac-10.
Espacio Maximo: 40
</name>
</text>

<text>
	<id>70</id>
	<name>Cuando se despliega-ralentiza a los enemigos durante 2 segundos.
</name>
</text>

<text>
	<id>71</id>
	<name>+25 Comida
+10 Hidratación
50% posibilidad de enfermarse al comer.

Puede cocinarse en la fogata.
</name>
</text>

<text>
	<id>72</id>
	<name>+35 Comer
+10 Hidratación
+30 Sangre
</name>
</text>

<text>
	<id>73</id>
	<name>+10 Comida
+10 Hidratación
Duplica la velocidad de regeneración de la sangre durante 30 segundos.
Espacio Maximo: 3
</name>
</text>

<text>
	<id>74</id>
	<name>+10 Comida
+20 Hidratación
Espacio Maximo: 3
</name>
</text>

<text>
	<id>75</id>
	<name>Marcas en el mapa de jeeps militares rotos y sitios de accidentes de helicópteros en las áreas más cercanas.  10% de batería por uso.
</name>
</text>

<text>
	<id>76</id>
	<name>+5% para hacer un tiro en la cabeza cuando se adjunta.
 -2 a la propagación predeterminada del arma de fuego.

Puede montarse en: MP5k, UMP-45, AK-74u, Ak-74, AN-94, AKM, M4, L85, FN CAL, RPK, Saiga12k, Bizon, Groza, VSS.
</name>
</text>

<text>
	<id>77</id>
	<name>+15% para hacer un tiro en la cabeza cuando se adjunta.
 -4 a la propagación predeterminada del arma de fuego.

Puede montarse en: SKS, Mosin.
</name>
</text>

<text>
	<id>78</id>
	<name>+15% para hacer un tiro a la cabeza cuando se adjunta.
 -4 a la propagación predeterminada del arma de fuego.

Puede montarse en: AK-74u, Ak-74, AN-94, AKM, RPK, Groza, VSS.
</name>
</text>

<text>
	<id>79</id>
	<name>+15% para hacer un tiro a la cabeza cuando se adjunta.
 -4 a la propagación predeterminada del arma de fuego.

Puede montarse en: MP5k, UMP-45, M4, L85, FN-CAL
</name>
</text>

<text>
	<id>80</id>
	<name>Cuando se conecta al arma, los disparos son silenciosos.

Puede montarse en: AK-74u, AN-94, Ak-74.
</name>
</text>

<text>
	<id>81</id>
	<name>Cuando se coloca en el arma, los disparos no hacen ruido.
		
Puede montarse en: M4, L85, FN-CAL, AUG.
</name>
</text>

<text>
	<id>82</id>
	<name>Permite hacer versiones recortadas de IZH-43, Mosin Nagant o repetidor.
</name>
</text>

<text>
	<id>83</id>
	<name>Cuando se conecta al arma, el cargador se recarga un 30% más rápido.

Puede montarse en: IZH-43, Remington, SKS, Mosin Nagant, Repetidor.
</name>
</text>

<text>
	<id>85</id>
	<name>+40 Comida
+40 Hidratación
Puede usarse 2 veces.
</name>
</text>

<text>
	<id>86</id>
	<name>Se puede utilizar para pescar en estanques de agua.
 Utiliza un 10% de durabilidad por uso.
</name>
</text>

<text>
	<id>87</id>
	<name>Se puede utilizar para pescar en estanques de agua.
 Utiliza un 25% de durabilidad por uso.
</name>
</text>

<text>
	<id>88</id>
	<name>Cosas perdidas del superviviente.  Se puede abrir o devolver.
</name>
</text>

<text>
	<id>89</id>
	<name>Cuando se conecta al arma, el cargador se recarga un 30% más rápido.

Puede montarse en: AK-74u, Ak-74, AN-94, AKM, M4, L85, FN CAL, AUG, RPK, Saiga12k, Groza, VSS.
</name>
</text>

<text>
	<id>90</id>
	<name>Disminuye la dispersión de perdigones para escopetas.
Puede montarse en: IZH-43, Remington, Saiga-12k.
</name>
</text>

<text>
	<id>91</id>
	<name>+10 Comida
+10 Hidratación
50% posibilidad de enfermarse al comer.

Puede cocinarse en la fogata.
</name>
</text>

<text>
	<id>92</id>
	<name>+35 Comida
+15 Hidratación
50% posibilidad de enfermarse al comer.

Puede cocinarse en la fogata.
</name>
</text>

<text>
	<id>93</id>
	<name>+10 Comida
+10 Hidratación
50% posibilidad de enfermarse al comer.

Puede cocinarse en la fogata.
</name>
</text>

<text>
	<id>94</id>
	<name>+35 Comida
+15 Hidratación
50% posibilidad de enfermarse al comer.

Puede cocinarse en la fogata.
</name>
</text>

<text>
	<id>95</id>
	<name>+25 Comida
+10 Hidratación
+10 Sangre
</name>
</text>

<text>
	<id>96</id>
	<name>+50 Comida
+10 Hidratación
+10 Sangre
</name>
</text>

<text>
	<id>97</id>
	<name>Mal viaje garantizado
</name>
</text>

<text>
	<id>98</id>
	<name>+25% para hacer un tiro en la cabeza cuando se adjunta.
 -6 a la propagación predeterminada del arma de fuego.

 Puede montarse en: SKS, Mosin Nagant, SVD, SV-98.
</name>
</text>

<text>
	<id>99</id>
	<name>Después de desplegar y disparar ráfagas en dirección frontal.
</name>
</text>

<text>
	<id>100</id>
	<name>Munición para: PM, PB, Bizon.
Espacio Maximo: 40
</name>
</text>

<text>
	<id>101</id>
	<name>Munición para: VSS, Groza.
Espacio Maximo: 30
</name>
</text>

<text>
	<id>102</id>
	<name>Después de tirar explota y quema a los enemigos.
</name>
</text>

<text>
	<id>103</id>
	<name>Pistola de bengalas.  Después del disparo, llama airdrop.  Airdrop se entregará en 20 segundos.
</name>
</text>

<text>
	<id>104</id>
	<name>Munición para ametralladora montada en Humvee manejable
</name>
</text>

<text>
	<id>105</id>
	<name>Munición para: M203 lanzagranadas.
Espacio Maximo: 3
</name>
</text>

<text>
	<id>106</id>
	<name>Munición para: GP-25 lanzagranadas.
Espacio Maximo: 3
</name>
</text>

<text>
	<id>107</id>
	<name>Lanzagranadas oeste bajo el cañón.
 Permite disparar granadas de 40 mm cuando está acoplado.

Puede montarse en: M4, L85, FN-CAL, AUG.
</name>
</text>

<text>
	<id>108</id>
	<name>Lanzagranadas este bajo el cañón.
 Permite disparar VOG-25 granadas cuando se adjuntan.

Puede montarse en: AK-74, AKM, AN-94.
</name>
</text>

<text>
	<id>109</id>
	<name>Puede llenarlo con su propia sangre para su uso posterior.
 Requiere un nivel de sangre mínimo del 50%.
</name>
</text>

<text>
	<id>110</id>
	<name>Piedra especial utilizada para afilar hojas.
 +25 de durabilidad en arma cuerpo a cuerpo cuando se usa.

Se puede usar en: hacha, hacha de fuego, espada, katana, cuchillos.
</name>
</text>

<text>
	<id>111</id>
	<name>Empuñadura frontal universal para rifles AK.
 Disminuya considerablemente la dispersión máxima al disparar.  Hace que los disparos en carrera y los disparos largos sean más eficaces.

 Puede usarse en: AK-74, AKM, RPK.
</name>
</text>

<text>
	<id>112</id>
	<name>Empuñadura frontal para armas con rieles Pic.
 Disminuya considerablemente la dispersión máxima al disparar.  Hace que los disparos en carrera y los disparos largos sean más eficaces.

 Puede usarse en: UMP-45, M4, L85.
</name>
</text>

<text>
	<id>113</id>
	<name>Pequeño bloc de notas, que contiene coordenadas de lugares interesantes de esta isla.
 Si no lo usa, se eliminará en la siguiente isla.
</name>
</text>

<text>
	<id>114</id>
	<name>+10 Comida
+10 Hidratación
+2 Sangre
</name>
</text>

<text>
	<id>115</id>
	<name>
</name>
</text>

<text>
	<id>116</id>
	<name>+200 XP
</name>
</text>

<text>
	<id>117</id>
	<name>Ingrediente para Lona.
</name>
</text>

<text>
	<id>118</id>
	<name>Detiene el sangrado.
Tiempo de aplicado: 1 seconds.
Espacio Maximo: 5
</name>
</text>

<text>
	<id>119</id>
	<name>Crea una cortina de humo durante 15 segundos que obstruye la visión de los enemigos.
</name>
</text>

<text>
	<id>120</id>
	<name>+5 Calienta, disminuye el hambre y la sed durante 30 segundos después de su uso.+5 Karma cuando se lo regala a otros supervivientes.
</name>
</text>

<text>
	<id>121</id>
	<name>+20 Hidratación
+10 Calor
</name>
</text>

<text>
	<id>122</id>
	<name>+25% durabilidad cuando se utiliza en algunos equipamentos.
</name>
</text>

<text>
	<id>123</id>
	<name>Aumenta la velocidad de crecimiento de las plantas.
</name>
</text>

<text>
	<id>124</id>
	<name>Aumenta la velocidad de puntería y la recuperación del retroceso en un 30%.

onPuede montarse en: UMP-45, Vector, AK-74u, Ak-74, AN-94, AKM, M4, L85, AUG, RPK, Mosin Nagant, SKS, SVD, SV-98, VSS.
</name>
</text>

<text>
	<id>125</id>
	<name>Puede encender el kit de hoguera para hacer una fogata o sirve para prender cigarrillos.
</name>
</text>

<text>
	<id>126</id>
	<name>Abre puertas especiales en búnker subterráneo.  Funciona solo para búnker en la isla actual.
</name>
</text>

<!-- Pistols-->
<!-- fnx -->
<text>
	<id>211</id>
	<name>Daño: 15-25
Precisión: 5
Velocidad de apuntado: 10
Munición: 45 ACP
Tamaño de Mag: 15
</name>
</text>

<!-- colt -->

<text>
	<id>212</id>
	<name>Daño: 18-32
Precisión: 6
Velocidad de apuntado: 10 
Munición: 45 ACP
Tamaño de Mag: 7
</name>
</text>

<!-- magnum -->

<text>
	<id>213</id>
	<name>Daño: 33-57
Precisión: 6
Velocidad de apuntado: 6 
Munición: .357
Tamaño de Mag: 6
</name>
</text>

<!-- glock -->

<text>
	<id>214</id>
	<name>Daño: 14-24
Precisión: 7
Velocidad de apuntado: 10 
Munición: 9mm
Tamaño de Mag: 18
</name>
</text>

<!-- amphibia-->

<text>
	<id>215</id>
	<name>Tiene silenciador incorporado.
Daño: 11-19
Precisión: 8
Velocidad de apuntado: 10 
Munición: 22lr
Tamaño de Mag: 10
</name>
</text>

<!-- IZH S-->

<text>
	<id>216</id>
	<name>Daño: 15-125
Precisión: 1
Velocidad de apuntado: 8 
Munición: 12cal
Tamaño de Mag: 2
</name>
</text>

<!-- Mosin S-->

<text>
	<id>217</id>
	<name>Daño: 67-113
Precisión: 1
Velocidad de apuntado: 6
Munición: 7.62
Tamaño de Mag: 5
</name>
</text>

<!-- Rare colt-->

<text>
	<id>218</id>
	<name>Daño: 18-32
Precisión: 7
Velocidad de apuntado: 10
Munición: 45 ACP
Tamaño de Mag: 12
</name>
</text>

<!-- MAc-->

<text>
	<id>219</id>
	<name>Daño>: 12-25
Precisión: 2
Velocidad de apuntado: 7
Cadencia de fuego: 10
Munición: 9mm
Tamaños de Mag: 30
</name>
</text>

<!-- MAre-->

<text>
	<id>220</id>
	<name>Daño: 33-57
Precisión: 2
Velocidad de apuntado: 8
Munición: .357
Tamaño de Mag: 7
</name>
</text>

<!-- PM-->

<text>
	<id>221</id>
	<name>Daño: 18-30
Precisión: 4
Velocidad de apuntado: 10
Munición: 9x18
Tamaño de Mag: 8
</name>
</text>

<!-- PB-->

<text>
	<id>222</id>
	<name>Tiene silenciador incorporado.
Daño: 18-30
Precisión: 3
Velocidad de apuntqdo: 10
Munición: 9x18
Tamaño de Mag: 8
</name>
</text>

<!-- Deagle-->

<text>
	<id>222</id>
	<name>Daño: 30-50
Precisión: 6
Velocidad de apuntado: 7
Munición: .357
Tamaño de Mag: 9
</name>
</text>

<!-- Main Weapons-->

<!-- Mosin-->
<text>
	<id>232</id>
	<name>Daño: 67-113
Precisión: 9
Velocidad de apuntado: 4
Cadencia de fuego: 46
Munición: 7.62
Tamaño de Mag: 5
</name>
</text>

<!-- M4-->
<text>
	<id>233</id>
	<name>Daño: 18-30
Precisión: 8
Velocidad de apuntado: 5
Cadencia de fuego: 600
Munición: 5.56
Tamaño de Mag: 30
</name>
</text>

<!-- IZH -->
<text>
	<id>234</id>
	<name>Daño: 15-125
Precisión: 8
Velocidad de apuntado: 5
Munición: 5.56
Tamaño de Mag: 30
</name>
</text>

<!-- IZH -->
<text>
	<id>234</id>
	<name>Daño: 15-125
Precisión: 2
Velocidad de apuntado: 4
Munición: 12cal
Tamaño de Mag: 2
</name>
</text>

<!-- AK-74 -->
<text>
	<id>235</id>
	<name>Daño: 18-32
Precisión: 7
Velocidad de apuntado: 5
Cadencia de fuego: 600
Munición: 5.45
Tamaño de Mag: 30
</name>
</text>

<!-- AKM -->
<text>
	<id>236</id>
	<name>Daño: 26-44
Precisión: 7
Velocidad de apuntado: 5
Cadencia de fuego: 460
Munición: 7.62x39
Tamaño de Mag: 30
</name>
</text>

<!-- AK-74u -->
<text>
	<id>237</id>
	<name>Daño: 18-32
Precisión: 6
Velocidad de apuntado: 6
Cadencia de fuego: 750
Munición: 5.45
Tamaño de Mag: 30
</name>
</text>

<!-- SKS -->
<text>
	<id>238</id>
	<name>Daño: 33-57
Precisión: 8
Velocidad de apuntado: 6
Cadencia de fuego: 200
Munición: 7.62x39
Tamaño de Mag: 10
</name>
</text>

<!-- L85 -->
<text>
	<id>240</id>
	<name>Daño: 18-30
Precisión: 9
Velocidad de apuntado: 5
Cadencia de fuego: 500
Munición: 5.56
Tamaño de Mag: 30
</name>
</text>

<!-- Remington -->
<text>
	<id>241</id>
	<name>Daño: 15-125
Precisión: 2
Velocidad de apuntado: 4
Cadencia de fuego: 66
Munición: 12cal
Tamaño de Mag: 6
</name>
</text>

<!-- Bow -->
<text>
	<id>243</id>
	<name>Daño: 37-94
Precisión: 6
Velocidad de apuntado: 6
Munición: Flechas compuestas o improvisadas.
Tamaño de Mag: 1
</name>
</text>

<!-- CrossBow -->
<text>
	<id>244</id>
	<name>Daño: 37-94
Precisión: 9
Velocidad de apuntado: 6
Munición: Flechas compuestas o improvisadas.
Tamaño de Mag: 1
</name>
</text>

<!-- Sporter -->
<text>
	<id>246</id>
	<name>Daño: 15-25
Precisión: 8
Velocidad de apuntado: 6
Cadencia de fuego: 300
Munición: 22lr
Tamaño de Mag: 30
</name>
</text>

<!-- Repeater -->
<text>
	<id>247</id>
	<name>Daño: 30-50
precisión: 7
Velocidad de apuntado: 6
Cadencia de fuego: 85
Munición: .357
Tamaño de Mag: 7
</name>
</text>

<!-- SVD -->
<text>
	<id>248</id>
	<name>Daño: 60-100
Precisión: 9
Velocidad de apuntado: 3
Cadencia de fuego: 150
Munición: 7.62
Tamaño de mag: 10
</name>
</text>

<!-- MP5k -->
<text>
	<id>249</id>
	<name>Daño: 13-23
Precisión: 6
Velocidad de apuntado: 6
Cadencia de fuego: 850
Munición: 9mm
Tamaño de Mag: 30
</name>
</text>

<!-- UMP -->
<text>
	<id>251</id>
	<name>Daño: 13-23
Precisión: 5
Velocidad de apuntado: 6
Cadencia de fuego: 650
Munición: 45 ACP
Tamaño de Mag 30
</name>
</text>

<!-- RPk -->
<text>
	<id>252</id>
	<name>Daño: 26-44
Precisión: 7
Velocidad de apuntado: 6
Cadencia de fuego: 600
Munición: 7.62x39
Tamaño de Mag: 40
</name>
</text>

<!-- FN CAL -->
<text>
	<id>253</id>
	<name>Daño: 22-38
Precisión: 9
Velocidad de apuntado: 5
Cadencia de fuego: 550
Munición: 5.56
Tamaño de Mag: 30
</name>
</text>

<!-- Saiga12 -->
<text>
	<id>254</id>
	<name>Daño: 15-125
Precisión: 1
Velocidad: 4
Cadencia de fuego: 200
Munición: 12cal
Tamaño de Mag: 8
</name>
</text>

<!-- AUG -->
<text>
	<id>255</id>
	<name>Tiene visor incorporado que da + 15% para hacer un tiro en la cabeza.
Daño: 18-30
Precisión: 9
Velocidad de apuntado: 5
Cadencia de fuego: 650
Munición: 5.56
Tamaño de Mag: 30
</name>
</text>

<!-- Bizon -->
<text>
	<id>256</id>
	<name>Daño: 18-20
Precisión: 6
Velocidad de apuntado: 6
Cadencia de fuego: 550
Munición: 9x18
Tamaño de Mag: 40
</name>
</text>

<!-- Groza -->
<text>
	<id>257</id>
	<name>Tiene un lanzagranadas GP-25 incorporado.
Daño: 30-50
Precisión: 7
Velocidad de apuntado: 6
Cadencia de fuego: 600
Munición: 9x39
Tamaño de Mag: 30
</name>
</text>

<!-- VSS -->
<text>
	<id>258</id>
	<name>Daño: 37-62
Precisión: 10
Velocidad de apuntado: 5
Cadencia de fuego: 600
Munición: 9x39
Tamaño de Mag: 20
</name>
</text>

<!-- SV98 -->
<text>
	<id>259</id>
	<name>Daño: 61-106
Precisión: 9
Velocidad de apuntado: 3
Cadencia de fuego: 66
Munición: 7.62
Tamaño de Mag: 10
</name>
</text>

<!-- MAdsen -->
<text>
	<id>260</id>
	<name>Pistola oxidada muy frágil.
Daño: 52-87
Precisión: 6
Velocidad de apuntado: 6
Cadencia de fuego: 500
Munición: 7.62
Tamaño de Mag: 20
</name>
</text>

<!-- AN94 -->
<text>
	<id>261</id>
	<name>Dispara ráfagas de dos rondas.
Daño: 24-40
Precisión: 8
Velocidad de apuntado: 3
Cadencia de fuego: 1800
Munición: 5.45
Tamaños de Mag: 30
</name>
</text>


<!-- Slilenced Remington-->
<text>
	<id>262</id>
	<name>Tiene silenciador incorporado.
Daño: 15-125
Precisión: 2
Velocidad de apuntado: 4
Cadencia de fuego: 66
Munición: 12cal
Tamaño de Mag: 6
</name>
</text>


<!-- M16A2-->
<text>
	<id>263</id>
	<name>Dispara ráfagas de tres rondas
Daño: 18-30
Precisión: 9
Velocidad de apuntado: 4
Cadencia de fuego: 1800
Munición: 5.56
Tamaño de Mag: 30
</name>
</text>

<!-- Vector-->
<text>
	<id>264</id>
	<name>Daño: 13-23
Precisión: 6
Velocidad de apuntado: 6
Cadencia de fuego: 1200
Municion: 45ACP
Tamaño de Mag: 30
</name>
</text>


<!-- Backpacks -->
<!-- Taloon -->
<text>
	<id>301</id>
	<name>+3 Espacios.
</name>
</text>

<text>
	<id>302</id>
	<name>+7 Espacios.
</name>
</text>

<text>
	<id>303</id>
	<name>+5 Espacios.
</name>
</text>

<text>
	<id>304</id>
	<name>+2 Espacios.
</name>
</text>

<text>
	<id>305</id>
	<name>+3 Espacios.
</name>
</text>

<text>
	<id>306</id>
	<name>+5 Espacios.
</name>
</text>

<text>
	<id>307</id>
	<name>Se puede implementar.  El botín almacenado en el interior nunca desaparecerá.  No se puede desplegar de regreso.  ???
</name>
</text>

<text>
	<id>308</id>
	<name>+6 Espacios
</name>
</text>

<text>
	<id>309</id>
	<name>+1 Espacios 
</name>
</text>

<!-- Pants -->
<!-- Jeans -->
<text>
	<id>351</id>
	<name>+2 Espacios
+5 Calor
</name>
</text>

<!-- Worker -->
<text>
	<id>352</id>
	<name>+3 Espacios
+5 Calor
</name>
</text>

<!-- Sport -->
<text>
	<id>353</id>
	<name>+1 Espacios
+3 Calor
</name>
</text>

<!-- Gorka -->
<text>
	<id>354</id>
	<name>+3 Espacios
+7 Calor
+2 Armadura
</name>
</text>

<!-- Medic -->
<text>
	<id>355</id>
	<name>+2 Espacios
+4 Calor
</name>
</text>

<!-- Orel -->
<text>
	<id>356</id>
	<name>+2 Espacios
+5 Calor
+1 Armadura
</name>
</text>

<!-- Hunter -->
<text>
	<id>357</id>
	<name>+3 Espacios
+6 Calor
+1 Armadura
</name>
</text>

<!-- Vest -->
<!-- Bulletproof -->
<text>
	<id>401</id>
	<name>+8 Armadura.
</name>
</text>

<!-- assault -->
<text>
	<id>402</id>
	<name>+2 Espacios
+3 Armadura
</name>
</text>

<!-- press -->
<text>
	<id>403</id>
	<name>+1 Espacios
+6 Armadura
</name>
</text>

<!-- High Capacity -->
<text>
	<id>404</id>
	<name>+3 Espacios
+3 Armadura
</name>
</text>

<!-- Kevlar -->
<text>
	<id>405</id>
	<name>+3 Espacios
+10 Armadura
</name>
</text>

<!-- Soviet -->
<text>
	<id>406</id>
	<name>+2 Espacios
+8 Armadura
</name>
</text>

<!-- FARTUK -->
<text>
	<id>407</id>
	<name>+1 Espacios.
</name>
</text>

<!-- Helmets -->
<!-- Moto -->
<text>
	<id>451</id>
	<name>+2 Calor
+3 Armadura
</name>
</text>

<!-- Military -->
<text>
	<id>452</id>
	<name>+2 Calor
+4 Armadura
</name>
</text>

<!-- Hard -->
<text>
	<id>453</id>
	<name>+2 Calor
+2 Armadura
</name>
</text>

<!-- Gasmask -->
<text>
	<id>454</id>
	<name>+2 Calor
+1 Armadura
</name>
</text>

<!-- Moto2 -->
<text>
	<id>455</id>
	<name>+2 Calor
+3 Armadura
</name>
</text>

<!-- Moto3 -->
<text>
	<id>456</id>
	<name>+2 Calor
+3 Armadura
</name>
</text>

<!-- Cap -->
<text>
	<id>457</id>
	<name>+2 Calor
</name>
</text>

<!-- WarmHat -->
<text>
	<id>458</id>
	<name>+4 Calor
</name>
</text>

<!-- Ushanka -->
<text>
	<id>459</id>
	<name>+6 Calor
</name>
</text>

<!-- Beret -->
<text>
	<id>460</id>
	<name>+2 Calor
</name>
</text>

<!-- Balaklava -->
<text>
	<id>461</id>
	<name>+3 Calor
</name>
</text>

<!-- Lamp -->
<text>
	<id>462</id>
	<name>+1 Calor
Utiliza baterías.
</name>
</text>

<!-- Cowboy -->
<text>
	<id>463</id>
	<name>+2 Calor
</name>
</text>

<!-- Welding -->
<text>
	<id>464</id>
	<name>+1 Calor
+1 Armadura
</name>
</text>

<!-- Gorka -->
<text>
	<id>465</id>
	<name>+3 Calor
+5 Armadura
</name>
</text>

<!-- Gorka -->
<text>
	<id>465</id>
	<name>+3 Calor
+5 Armadura
</name>
</text>

<!-- Police Hat -->
<text>
	<id>466</id>
	<name>+2 Calor
</name>
</text>

<!-- NVG -->
<text>
	<id>467</id>
	<name>+1 Calor
Utiliza baterías.
</name>
</text>

<!-- Bandana -->
<text>
	<id>468</id>
	<name>+2 Calor
Se puede romper en harapos.
</name>
</text>

<!-- Knight helmet -->
<text>
	<id>469</id>
	<name>+4 Calor
+5 Armadura
</name>
</text>

<!-- Pilot helmet -->
<text>
	<id>470</id>
	<name>+3 Calor
+2 Armadura
</name>
</text>

<!-- Outfits -->

<!-- Hoodie -->
<text>
	<id>501</id>
	<name>+2 Espacios
+5 Calor
Se puede romper en harapos.
</name>
</text>

<!-- Shirt -->
<text>
	<id>502</id>
	<name>+1 Espacios
+3 Calor
Se puede romper en harapos.
</name>
</text>

<!-- Hoodie -->
<text>
	<id>504</id>
	<name>+2 Espacios
+5 Calor
Se puede romper en harapos.
</name>
</text>

<!-- rain -->
<text>
	<id>505</id>
	<name>+2 Espacios
+6 Calor

Protege de la lluvia fría
</name>
</text>

<!-- rain2 -->
<text>
	<id>506</id>
	<name>+2 Espacios
+6 Calor

Protege de la lluvia fría
</name>
</text>

<!-- raider jacket -->
<text>
	<id>507</id>
	<name>+2 Espacios
+4 Calor
+2 Armadura
</name>
</text>

<!-- fur coat -->
<text>
	<id>509</id>
	<name>+1 Espacios
+9 Calor
</name>
</text>

<!-- Gorka -->
<text>
	<id>510</id>
	<name>+3 Espacios
+7 Calor
+2 Armadura
</name>
</text>

<!-- tshirt -->
<text>
	<id>511</id>
	<name>+2 Calor
Se puede romper en harapos.
</name>
</text>

<!-- paramedic -->
<text>
	<id>512</id>
	<name>+2 Espacios
+5 Calor
</name>
</text>

<!-- orel -->
<text>
	<id>513</id>
	<name>+2 Espacios
+5 Calor
+1 Armadura
</name>
</text>

<!-- tracksuit -->
<text>
	<id>514</id>
	<name>+1 Espacios
+4 Calor
</name>
</text>

<!-- Dress -->
<text>
	<id>515</id>
	<name>+1 Espacios
+4 Calor
</name>
</text>

<!-- Down -->
<text>
	<id>516</id>
	<name>+2 Espacios
+8 Calor
</name>
</text>

<!-- Hunter -->
<text>
	<id>517</id>
	<name>+3 Espacios
+6 Calor
+1 Armadura
</name>
</text>

<!-- Sweater -->
<text>
	<id>518</id>
	<name>+1 Espacios
+6 Calor
</name>
</text>

<!-- Hoodie Red-->
<text>
	<id>519</id>
	<name>+3 Espacios
+8 Calor
</name>
</text>

<!-- Melee -->

<!-- Axe -->
<text>
	<id>551</id>
	<name>Daño: 45-75
Probabilidad crítico: 25%
Probabilidad de bloqueo: 25%
Velocidad de ataque: 1,5 s
Puede talar árboles.
</name>
</text>

<!-- Shovel -->
<text>
	<id>552</id>
	<name>Daño: 19-31
Probabilidad crítico: 15%
Probabilidad de bloqueo: 35%
Velocidad de ataque: 1,6 s
Puede utilizarse para plantar plantas.
</name>
</text>

<!-- Wrench -->
<text>
	<id>553</id>
	<name>Daño: 23-38
Probabilidad crítico: 25%
Probabilidad de bloqueo: 15%
Velocidad de ataque: 1,3 s
</name>
</text>

<!-- Baseball bat -->
<text>
	<id>554</id>
	<name>Daño: 26-44
Probabilidad crítico: 25%
Probabilidad de bloqueo: 15%
Velocidad de ataque: 1 s
</name>
</text>

<!-- Fire axe -->
<text>
	<id>555</id>
	<name>Daño: 52-87
Probabilidad crítico: 25%
Probabilidad de bloqueo: 25%
Velocidad de ataque: 1,6 s
Puede talar árboles.
</name>
</text>

<!-- Crowbar -->
<text>
	<id>556</id>
	<name>Daño: 19-31
Probabilidad crítico: 25%
Probabilidad de bloqueo: 15%
Velocidad de ataque: 1,2 s
</name>
</text>

<!-- Kitchen knife -->
<text>
	<id>557</id>
	<name>Daño: 14-24
Probabilidad crítico: 10%
Probabilidad de bloqueo: 5%
Velocidad de ataque: 0,8 s
</name>
</text>

<!-- Hunter knife -->
<text>
	<id>558</id>
	<name>Daño: 15-25
Probabilidad crítico: 15%
Probabilidad de bloqueo: 5%
Velocidad de ataque: 0,8 s
</name>
</text>

<!-- Army knife -->
<text>
	<id>559</id>
	<name>Daño: 16-26
Probabilidad crítico: 20%
Probabilidad de bloqueo: 5%
Velocidad de ataque: 0,8 s
</name>
</text>

<!-- Pickaxe-->
<text>
	<id>560</id>
	<name>Daño: 33-55
Probabilidad crítico: 15%
Probabilidad de bloqueo: 35%
Velocidad de ataque: 1,3 s
Puede utilizarse para plantar plantas.
</name>
</text>

<!-- Pitchfork -->
<text>
	<id>561</id>
	<name>Daño: 30-50
Probabilidad crítico: 15%
Probabilidad de bloqueo: 35%
Velocidad de ataque: 1,2 s
Puede utilizarse para plantar plantas.
</name>
</text>

<!-- Sledgehammer -->
<text>
	<id>562</id>
	<name>Daño: 36-60
Probabilidad crítico: 15%
Probabilidad de bloqueo: 35%
Velocidad de ataque: 1.8 s
</name>
</text>

<!-- Sword -->
<text>
	<id>563</id>
	<name>Daño: 56-94
Probabilidad crítico: 35%
Probabilidad de bloqueo: 25%
Velocidad de ataque: 1,5 s
Puede talar árboles.
</name>
</text>

<!-- Pan -->
<text>
	<id>564</id>
	<name>Daño: 25-41
Probabilidad crítico: 40%
Probabilidad de bloqueo: 35%
Velocidad de ataque: 0,9 s
</name>
</text>

<!-- Katana -->
<text>
	<id>565</id>
	<name>Daño: 48-81
Probabilidad crítico: 35%
Probabilidad de bloqueo: 25%
Velocidad de ataque: 1,2 s
Puede talar árboles.
</name>
</text>

<!-- Secret location reveal-->
<text>
	<id>150</id>
	<name>¡Esto es un hallazgo!</name>
</text>

<text>
	<id>151</id>
	<name>Llamar a Airdrop</name>
</text>

<text>
	<id>152</id>
	<name>Carga</name>
</text>

<text>
	<id>153</id>
	<name>Este vehículo no tiene ametralladora montada.</name>
</text>

<text>
	<id>154</id>
	<name>No puedo hacerlo aqui.</name>
</text>

<text>
	<id>155</id>
	<name>Elige el nivel de dificultad.
Algunos desbloqueos solo se pueden realizar en dificultades superiores
</name>
</text>

<text>
	<id>156</id>
	<name>Necesito un arma con lanzagranadas adjunto.</name>
</text>

<text>
	<id>157</id>
	<name>Munición:</name>
</text>

<text>
	<id>158</id>
	<name>No puedo hacerlo mientras estoy enfermo.</name>
</text>

<text>
	<id>159</id>
	<name>Necesito más sangre para hacerlo.</name>
</text>

<text>
	<id>160</id>
	<name>¡Ya estoy sangrando!</name>
</text>

<text>
	<id>161</id>
	<name>Negar</name>
</text>

<text>
	<id>162</id>
	<name>No hay nada de lo que podamos hablar.</name>
</text>

<!-- Фразы бота при командах-->


<text>
	<id>163</id>
	<name>Siguiendote.</name>
</text>

<text>
	<id>164</id>
	<name>Protegeré esta área.</name>
</text>

<!-- Фразы для сна-->

<text>
	<id>165</id>
	<name>No puedo dormir cuando hay enemigos alrededor.</name>
</text>

<text>
	<id>166</id>
	<name>Será mejor que duerma por la noche.</name>
</text>

<text>
	<id>167</id>
	<name>Puedes dormir por la noche.  Si está en buenas condiciones puede dormir hasta las 06:00 de la mañana.  Se despertará más temprano si el hambre o la sed son demasiado altos.
</name>
</text>

<text>
	<id>168</id>
	<name>Ve a dormir</name>
</text>

<text>
	<id>169</id>
	<name>Los recursos actuales le permiten dormir hasta </name>
</text>

<text>
	<id>170</id>
	<name>Hace demasiado frío aquí para dormir.</name>
</text>

<text>
	<id>171</id>
	<name>Tengo demasiada hambre.</name>
</text>

<text>
	<id>172</id>
	<name>Tengo demasiada sed.</name>
</text>

<text>
	<id>173</id>
	<name>No puedo hacerlo mientras estoy sangrando.</name>
</text>

<text>
	<id>174</id>
	<name>Necesito un techo al menos para dormir.</name>
</text>

<text>
	<id>175</id>
	<name>Actualmente tienes demasiada hambre o sed para irte a dormir.</name>
</text>

<text>
	<id>176</id>
	<name>No puedo dormir durante el día.</name>
</text>

<text>
	<id>177</id>
	<name>No puedo dormir aqui.</name>
</text>

<text>
	<id>178</id>
	<name>Legendario</name>
</text>

<text>
	<id>179</id>
	<name>¡Demasiado cerca!</name>
</text>

<!-- Персонажи -->

<text>
	<id>180</id>
	<name>Xavier «Piloto»
Equipo inicial: pantalón gorka, suéter, casco de piloto, UMP-45, Bengala.
Beneficios desbloqueados: Superviviente (lvl.2), Explorador</name>
</text>

<text>
	<id>181</id>
	<name>Xavier «Piloto»
Requisito de desbloqueo: Encuentra 13 sitios de accidentes de helicópteros en una partida.
En dificultad "Legendario".</name>
</text>

<text>
	<id>182</id>
	<name>Rudolf «Jager»
Equipo inicial: Izh-43, Ushanka, munición 12cal x10, cuchillo de cazador, caña de pescar, chaqueta de cazador, pantalones de cazador.
Beneficios desbloqueados: Cazador (lvl.2), Acechador nocturno</name>
</text>

<text>
	<id>183</id>
	<name>Rudolf «Jager»
Requisito de desbloqueo: Encuentra y mata a 3 ciervos albinos.
En dificultad "Legendario".</name>
</text>

<text>
	<id>184</id>
	<name>Taman «Guardia»
Equipo inicial: gorra de policía, chaqueta orel, pantalón orel, AKSu-74, bebida energética.
Beneficios desbloqueados: Tirador de primera (lvl.2), Granjero de balas</name>
</text>

<text>
	<id>185</id>
	<name>Taman «Guardia»
Requisito de desbloqueo: Mata a "Tank" con la ametralladora montada en HUMVEE.
En dificultad "Legendario".</name>
</text>

<text>
	<id>186</id>
	<name>Daria «Científica»
Equipo inicial: pantalón de trabajo, delantal, camisa, tetraciclina, IV kit, vitaminas, Morfina, vendas x3.
Beneficios desbloqueados: Rojo + (lvl.2), Velocista</name>
</text>

<text>
	<id>187</id>
	<name>Daria "«Científica»
Requisito de desbloqueo: llegar a 5 islas.
En dificultad "Legendario".</name>
</text>

<text>
	<id>188</id>
	<name>Afilar (+25%)</name>
</text>

<text>
	<id>189</id>
	<name>Deagle
Requisito de desbloqueo: lleve un conjunto de vaquero (sombrero de vaquero, camisa, magnum) de una vez, todo a la vez.
En dificultad "Normal" o superior.
Estado actual:</name>
</text>

<text>
	<id>190</id>
	<name>Deagle
Desbloqueado.
Ubicaciones: búnkeres subterráneos, armerías.</name>
</text>

<text>
	<id>191</id>
	<name>Katana
Requisito de desbloqueo: Mata a 100 zombies con cuchillos.
En dificultad "Legendario".
Estado actual:</name>
</text>

<text>
	<id>192</id>
	<name>Katana
Desbloqueado.
Ubicaciones: Armería.</name>
</text>

<text>
	<id>193</id>
	<name>El arma estaba afilada.</name>
</text>

<text>
	<id>194</id>
	<name>Esta arma no se puede afilar.</name>
</text>

<text>
	<id>195</id>
	<name>Crear cuerda</name>
</text>

<text>
	<id>196</id>
	<name>Necesito 3 trapos para esto.</name>
</text>

<text>
	<id>197</id>
	<name>¡Sígueme!</name>
</text>

<text>
	<id>198</id>
	<name>¡Quédate aquí!</name>
</text>

<text>
	<id>199</id>
	<name>¡Irse!</name>
</text>

<text>
	<id>200</id>
	<name>Hola superviviente.</name>
</text>

<text>
	<id>201</id>
	<name>No puedo hacerlo aqui</name>
</text>

<text>
	<id>202</id>
	<name>¡Hay enemigos cerca!</name>
</text>

<text>
	<id>203</id>
	<name>Puedo intentar saltar allí en un coche.</name>
</text>

<text>
	<id>204</id>
	<name>¿Estás listo para saltar al puente?  No habrá vuelta atrás y mucho peligro por delante.</name>
</text>

<text>
	<id>205</id>
	<name>Hola</name>
</text>

<text>
	<id>206</id>
	<name>Oye, ¿puedes ayudarnos?</name>
</text>

<text>
	<id>207</id>
	<name>No dispares, somos amigables</name>
</text>

<text>
	<id>208</id>
	<name>Saludos</name>
</text>

<text>
	<id>209</id>
	<name>¡Gracias!</name>
</text>

<text>
	<id>210</id>
	<name>¡Hola!  ¡Hemos oído hablar de ti!  ¡Estabas ayudando a personas en problemas y nosotros queremos ayudarte!  Toma esto:</name>
</text>

<text>
	<id>611</id>
	<name>¡Aprendí algunas buenas habilidades!</name>
</text>

<text>
	<id>612</id>
	<name>Leer</name>
</text>

<text>
	<id>613</id>
	<name>Me siento inmortal, pero no lo soy.</name>
</text>

<text>
	<id>614</id>
	<name> minutos.</name>
</text>

<text>
	<id>615</id>
	<name>Crear lona</name>
</text>

<text>
	<id>616</id>
	<name>Colocar escondite</name>
</text>

<text>
	<id>617</id>
	<name>• Ralentizar el hambre y la sed
• Clima cálido
• Reducción del daño de los NPC al jugador
</name>
</text>

<text>
	<id>618</id>
	<name>• Tasa media de hambre y sed
• Clima normal
• Daño regular de los NPC al jugador
</name>
</text>

<text>
	<id>619</id>
	<name>• Alto índice de hambre y sed
• Clima frío
• Alto daño de NPC al jugador
• Un poco más de zombis en algunos lugares.
</name>
</text>

<text>
	<id>620</id>
	<name>• Alto índice de hambre y sed
• Clima frío
• Alto daño de NPC al jugador
• Un poco más de zombis en algunos lugares.
• Las áreas no exploradas están ocultas.
</name>
</text>

<text>
	<id>621</id>
	<name>Comenzar
</name>
</text>

<text>
	<id>622</id>
	<name>¿Estás listo para ir a la quinta isla?  No habrá vuelta atrás.
</name>
</text>

<text>
	<id>623</id>
	<name>¿Estás listo para ir a la quinta isla?  No habrá vuelta atrás.
</name>
</text>

<text>
	<id>624</id>
	<name>La caña de pescar está arruinada.
</name>
</text>

<text>
	<id>625</id>
	<name>Crear Molotov
</name>
</text>

<text>
	<id>626</id>
	<name>MOLOTOV Y CUERDA
</name>
</text>

<text>
	<id>627</id>
	<name>Harapos x3 = Cuerda
</name>
</text>

<text>
	<id>628</id>
	<name>Whisky + Bengala = Molotov
</name>
</text>

<text>
	<id>629</id>
	<name>ALMACENAMIENTO
</name>
</text>

<text>
	<id>630</id>
	<name>Saco de arpillera + Saco de arpillera = Lona
</name>
</text>

<text>
	<id>631</id>
	<name>Lona + Pilas de madera = Escondite.
 El botín arrojado al escondite estará a salvo.  Los enemigos pueden destruirlo si lo encuentran.
</name>
</text>

<text>
	<id>632</id>
	<name>Mike «Diseñador»
Requisito de desbloqueo: Llega a una isla desconocida.
 En Dificultad "Legendario" .
</name>
</text>

<text>
	<id>633</id>
	<name>Mike «Diseñador»
Equipo inicial: Impresionante sudadera con capucha, pantalones de trabajador, espada, vector, bebida energética x4, munición .45 ACP x60.
Beneficios desbloqueados: Tirador de primera, A puñetazos, Velocista, Explorador.</name>
</text>

<text>
	<id>634</id>
	<name>Yeso adhesivo
Requisito de desbloqueo: Termina el juego con uno de estos personajes: Emilio «Doc», Billy «Rojo», Dave «Boxeador».</name>
</text>

<text>
	<id>635</id>
	<name>Encendedor
Requisito de desbloqueo: Termina el juego con uno de estos personajes: Lee «Maníaco», Sergey «Slav», John «Motero».</name>
</text>

<text>
	<id>636</id>
	<name>Granada de humo
Requisito de desbloqueo: Termina el juego con uno de estos personajes: Hanzo «Dragón», Tom «Superviviente», Garry «Veterano».</name>
</text>

<text>
	<id>637</id>
	<name>Mira laser
Requisito de desbloqueo: Termina el juego con uno de estos personajes: Kate «Turista», Joel «Miller», Aika «Periodista».</name>
</text>

<text>
	<id>638</id>
	<name>XXX
Requisito de desbloqueo: Termina el juego con uno de estos personajes: Xavier «Piloto», Rudolf «Jager», Taman «Guardia», Daria «Científica».</name>
</text>

<text>
	<id>639</id>
	<name>...¡Vale!  ¡Te oimos!  Estará en tu puesto en un día, espera!...</name>
</text>

<text>
	<id>640</id>
	<name>¿Intentas contactar a alguien con una radio?</name>
</text>

<text>
	<id>641</id>
	<name>Fumar</name>
</text>

<text>
	<id>642</id>
	<name>Dar cigarrillo</name>
</text>

<text>
	<id>643</id>
	<name>Abonar</name>
</text>

<text>
	<id>644</id>
	<name>Objetos</name>
</text>

<text>
	<id>645</id>
	<name>Yeso adhesivo
Ubicaciones: Hospitales, Edificios de la ciudad</name>
</text>

<text>
	<id>646</id>
	<name>Encendedor
Ubicaciones: Estaciones de Bomberos, garajes.</name>
</text>

<text>
	<id>647</id>
	<name>Granada de humo
Ubicaciones: Búnkeres subterráneos, Bases militares.</name>
</text>

<text>
	<id>648</id>
	<name>Mira láser
Ubicaciones: Búnkeres subterráneos, Bases militares.</name>
</text>

<text>
	<id>649</id>
	<name>Tarjeta de acceso del oficial
Ubicaciones: Llevado por agentes infectados.</name>
</text>

<text>
	<id>650</id>
	<name>Necesito fogata, fósforos o encendedor.</name>
</text>

<text>
	<id>651</id>
	<name>No puedo dormir, puedo saltarme el helicóptero de rescate.</name>
</text>

<text>
	<id>652</id>
	<name>No puedo ir al búnker, puedo saltarme el helicóptero de rescate.</name>
</text>

<text>
	<id>653</id>
	<name>¡Oye!  Soy Boris, ¡bienvenido a bordo!</name>
</text>

<text>
	<id>654</id>
	<name>Nadia, vuela hacia el este, a la señal 4316</name>
</text>

<text>
	<id>655</id>
	<name>Te escapaste con éxito</name>
</text>

<text>
	<id>656</id>
	<name>¡Necesito volver a la radio!</name>
</text>

<text>
	<id>657</id>
	<name>Isla desconocida #</name>
</text>

<text>
	<id>658</id>
	<name>¿Estás listo para usar el ascensor?  No hay vuelta atrás</name>
</text>

<text>
	<id>659</id>
	<name>Esta puerta requiere "Tarjeta de acceso del oficial".</name>
</text>

<text>
	<id>660</id>
	<name>Necesito una planta para eso.</name>
</text>

<text>
	<id>661</id>
	<name>Teclado(WASD)</name>
</text>

<text>
	<id>662</id>
	<name>Gracias</name>
</text>

</list>

