<?xml version="1.0" ?>

<list>
<!-- Itens do inventário-->
<text>
	<id>1</id>
	<name>Comida +30
água +5
</name>
</text>

<text>
	<id>2</id>
	<name>Comida +20
</name>
</text>

<text>
	<id>3</id>
	<name>Comida +35
</name>
</text>

<text>
	<id>4</id>
	<name>Comida +65
</name>
</text>

<text>
	<id>5</id>
	<name>Comida +15
Água +5
Pilha máxima: 3

Pode ser plantado com picareta, forcado e pá.
</name>
</text>

<text>
	<id>6</id>
	<name>Comida +15
Água +5
Pilha Máxima: 3
</name>
</text>

<text>
	<id>7</id>
	<name>Comida +15
Água +5
Pilha Máxima: 3
</name>
</text>

<text>
	<id>8</id>
	<name>Água +30
</name>
</text>

<text>
	<id>9</id>
	<name>Água +30
</name>
</text>

<text>
	<id>10</id>
	<name>Água +50
</name>
</text>

<text>
	<id>11</id>
	<name>Munição para: M4, L85, FN CAL, AUG.
Pilha Máxima: 30
</name>
</text>

<text>
	<id>12</id>
	<name>Munição para: FNX, Colt, UMP-45.
Pilha Máxima: 30
</name>
</text>

<text>
	<id>13</id>
	<name>Munição para: Mosin Serrada, Mosin Nagant, SVD, SV-98, Madsen.
Pilha Máxima: 20
</name>
</text>

<text>
	<id>14</id>
	<name>Munição para: SKS, AKM, RPK.
Pilha Máxima: 30
</name>
</text>

<text>
	<id>15</id>
	<name>Munição para: AK-74u, AK-74, AN-94.
Pilha Máxima: 30
</name>
</text>

<text>
	<id>16</id>
	<name>Munição para: Magnum, Mare's Leg, Repeater.
Pilha Máxima: 30
</name>
</text>

<text>
	<id>17</id>
	<name>Munição para: IZH-43, IZH serrada, Remington, Saiga-12k.
Pilha Máxima: 15
</name>
</text>

<text>
	<id>18</id>
	<name> Interrompe o sangramento.
Tempo de aplicação: 3 segundos.
Pilha Máxima: 3
</name>
</text>

<text>
	<id>19</id>
	<name>Sangue +50
Tempo de aplicação: 6 segundos.
</name>
</text>

<text>
	<id>20</id>
	<name>Quando acesso e jogado, atrai zumbis próximos por 90 segundos.
</name>
</text>

<text>
	<id>21</id>
	<name>Explode pesadamente após 2 segundos.
</name>
</text>

<text>
	<id>22</id>
	<name>Usado em rádio, NVG e Lanterna de cabeça. 
</name>
</text>

<text>
	<id>23</id>
	<name>Após a implantação pode ser iluminado com fósforos. Queima por 3 minutos e pode ser usado 3 vezes.
</name>
</text>

<text>
	<id>24</id>
	<name>Pode acender o kit fogueira para fazer lareira ou acender cigarros.
</name>
</text>

<text>
	<id>25</id>
	<name>Água +20 
Calor +40

Ingrediente para: Coquetel molotov.
</name>
</text>

<text>
	<id>26</id>
	<name>Para de Sangrar.
Tempo de aplicação: 5 segundos.
Pilha Máxima: 3

Ingrediente para: Coquetel molotov e Kit fogueira.
</name>
</text>

<text>
	<id>27</id>
	<name>Comida +15
Água +15
Pilha Máxima: 3
</name>
</text>

<text>
	<id>28</id>
	<name> Sangue +25
Tempo de aplicação: 6 segundos.
</name>
</text>

<text>
	<id>29</id>
	<name>Duplica a velocidade de regeneração do sangue por 60 segundos.
</name>
</text>

<text>
	<id>30</id>
	<name>Água +50
</name>
</text>

<text>
	<id>31</id>
	<name>Comida +20
Água +20
Pilha Máxima: 3

Pode ser plantado com picareta, forcado e pá.
</name>
</text>

<text>
	<id>32</id>
	<name>Comida +20
Água +5
Pilha Máxima: 3

Pode ser plantado com picareta, forcado e pá.
</name>
</text>

<text>
	<id>33</id>
	<name>Comida +15
Água +15
Pilha Máxima: 3
</name>
</text>

<text>
	<id>34</id>
	<name>Calor +25
</name>
</text>

<text>
	<id>35</id>
	<name>+50% de durabilidade quando usado em algum veículo.
</name>
</text>

<text>
	<id>36</id>
	<name>+25% de durabilidade para armas de fogo.
</name>
</text>

<text>
	<id>37</id>
	<name>Ingrediente para: Vara de pescar e Arco improvisado.
</name>
</text>

<text>
	<id>38</id>
	<name>Ingrediente para: Kit fogueira, Flechas improvisadas, Mochila improvisada, Cerca improvisada.
Pilha Máxima: 5
</name>
</text>

<text>
	<id>39</id>
	<name>+15% de durabilidade quando usado em algum item.
Necessário para reparar o barco, para chegar na 3ª ilha.
</name>
</text>

<text>
	<id>40</id>
	<name>Ingrediente para: Mochila improvisada.
</name>
</text>

<text>
	<id>41</id>
	<name>Ingrediente para: Mochila improvisada, Arco improvisado e Vara de pescar.
</name>
</text>

<text>
	<id>42</id>
	<name>Necessário para esfolar animais.

Dano: 14-24
Chance de crítico: 10%
Chance de bloqueio: 5%
Velocidade de ataque: 0.8s
</name>
</text>

<text>
	<id>43</id>
	<name>Necessário para esfolar animais.

Dano: 15-25
Chance de crítico: 15%
Chance de bloqueio: 5%
Velocidade de ataque: 0.8s
</name>
</text>

<text>
	<id>44</id>
	<name>Necessário para esfolar animais.

Dano: 16-26
Chance de crítico: 20%
Chance de bloqueio: 5%
Velocidade de ataque: 0.8s
</name>
</text>

<text>
	<id>45</id>
	<name>Por 10 segundos dá +50 de Sangue a cada segundo e aumenta a velocidade de movimento.
No final do efeito, o sangue cai para 25.
</name>
</text>

<text>
	<id>46</id>
	<name>Remove a doença. Também fornece imunidade à doença por 5 minutos.
Tempo de aplicação: 3 segundos.
</name>
</text>

<text>
	<id>47</id>
	<name>Pode ser usado até 5 vezes. Pode ser plantado com picareta, forcado e pá.
</name>
</text>

<text>
	<id>48</id>
	<name>Pode ser usado até 5 vezes. Pode ser plantado com picareta, forcado e pá.
</name>
</text>

<text>
	<id>49</id>
	<name>Ingridiente para: Kit de fogueira.
</name>
</text>

<text>
	<id>50</id>
	<name>Ingridiente para: Kit de fogueira, cerca. 
Necessário para o reparo do barco, para chegar na 2ª ilha.
</name>
</text>

<text>
	<id>51</id>
	<name>Tem 75% de chance de quebrar após o tiro.
Munição para: Arco improvisado e Besta.
Dano: 37-63
Pilha Máxima: 5
</name>
</text>

<text>
	<id>52</id>
	<name>Tem 50% de chance de quebrar depois do tiro.
Munição para: Arco improvisado e Besta.
Dano: 56-94
Pilha Máxima: 5
</name>
</text>

<text>
	<id>53</id>
	<name>Combustível +50 quando usado em veículo dirigível.
Necessário para o reparo do barco, para chegar na 4ª ilha.
</name>
</text>

<text>
	<id>54</id>
	<name>Água +12 por uso.
Pode ser recarregado com bombas de água.
</name>
</text>

<text>
	<id>55</id>
	<name>Água +25 por uso.
Pode ser recarregado com bombas de água.
</name>
</text>

<text>
	<id>56</id>
	<name>Depois de acionado, dispara e  explode com estilhaços radiais. Não pode ser acionado por você.
</name>
</text>

<text>
	<id>57</id>
	<name>Depois de implantar e acionar, causa 200 de dano ao alvo. Não pode ser acionado por você.
</name>
</text>

<text>
	<id>58</id>
	<name>Munição para: Sporter 22, Amphibia S.
Pilha Máxima: 50
</name>
</text>

<text>
	<id>59</id>
	<name>Repara veículos dirigíveis em +25%.
</name>
</text>

<text>
	<id>60</id>
	<name>Comida +25
Água +10
50% de chance de ficar doente quando comido.

Pode ser cozinhado na fogueira.
</name>
</text>

<text>
	<id>61</id>
	<name>Comida +50
Água +10
Sangue +15
</name>
</text>

<text>
	<id>62</id>
	<name>Água +100
+50 XP
Duplica a velocidade de regeneração do sangue por 60 segundos.
</name>
</text>

<text>
	<id>63</id>
	<name>+15% de velocidade de movimento por 20 segundos.
</name>
</text>

<text>
	<id>68</id>
	<name>+15% de velocidade de movimento por 20 segundos.
</name>
</text>

<text>
	<id>69</id>
	<name>Munição para: Glock, Mp5k, Mac-10.
Pilha Máxima: 40
</name>
</text>

<text>
	<id>70</id>
	<name>Quando implantado - retarda os inimigos por 2 segundos.
</name>
</text>

<text>
	<id>71</id>
	<name>Comida +25
Água +10
50% de chance de ficar doente quando comido.

Pode ser cozinhado na fogueira.
</name>
</text>

<text>
	<id>72</id>
	<name>Comida +35
Água +10
Sangue +30
</name>
</text>

<text>
	<id>73</id>
	<name>Comida +10
Água +10
Duplica a velocidade de regeneração do sangue por 30 segundos.
Pilha Máxima: 3
</name>
</text>

<text>
	<id>74</id>
	<name>Comida +10
Água +20
Pilha Máxima: 3
</name>
</text>

<text>
	<id>75</id>
	<name>Marca no mapa a coordena de jipes militares quebrados e locais de queda de helicóptero nas áreas mais próximas. 10% de bateria por uso.
</name>
</text>

<text>
	<id>76</id>
	<name>+5% para dar um tiro na cabeça quando anexado.
 -2 ao spread padrão da arma de fogo.

Pode ser montado em: MP5k, UMP-45, AK-74u, Ak-74, AN-94, AKM, M4, L85, FN CAL, RPK, Saiga12k, Bizon, Groza, VSS.
</name>
</text>

<text>
	<id>77</id>
	<name>+15% para dar um tiro na cabeça quando anexado.
 -4 ao spread padrão da arma de fogo.

Pode ser montado em: SKS, Mosin.
</name>
</text>

<text>
	<id>78</id>
	<name>+15% para dar um tiro na cabeça quando anexado.
 -4 ao spread padrão da arma de fogo.

Pode ser montado em: AK-74u, Ak-74, AN-94, AKM, RPK, Groza, VSS.
</name>
</text>

<text>
	<id>79</id>
	<name>+15% para dar um tiro na cabeça quando anexado.
 -4 ao spread padrão da arma de fogo.

Pode ser montado em: MP5k, UMP-45, M4, L85, FN-CAL
</name>
</text>

<text>
	<id>80</id>
	<name>Quando conectado à arma, o tiro é silencioso.

Pode ser montado em: AK-74u, AN-94, Ak-74.
</name>
</text>

<text>
	<id>81</id>
	<name>Quando conectado à arma, o disparo é silencioso.
		
Pode ser montado em: M4, L85, FN-CAL, AUG.
</name>
</text>

<text>
	<id>82</id>
	<name>Permite fazer versões serradas de IZH-43, Mosin Nagant ou Repeater.
</name>
</text>

<text>
	<id>83</id>
	<name>Quando conectado à arma, o carregador recarrega 30% mais rápido.

Pode ser montado em: IZH-43, Remington, SKS, Mosin Nagant, Repeater.
</name>
</text>

<text>
	<id>85</id>
	<name>Comida +40
Água +40
Pode ser usado 2 vezes.
</name>
</text>

<text>
	<id>86</id>
	<name>Pode ser usado para pescar em tanques de água.
 Usa 10% de durabilidade por uso.
</name>
</text>

<text>
	<id>87</id>
	<name>Pode ser usado para pescar em tanques de água.
 Usa 25% de durabilidade por uso.
</name>
</text>

<text>
	<id>88</id>
	<name>Coisas perdidas do sobrevivente.  Pode ser aberto ou devolvido.
</name>
</text>

<text>
	<id>89</id>
	<name>Quando conectado à arma, o carregador recarrega 30% mais rápido.

Pode ser montado em: AK-74u, Ak-74, AN-94, AKM, M4, L85, FN CAL, AUG, RPK, Saiga12k, Groza, VSS.
</name>
</text>

<text>
	<id>90</id>
	<name>Diminui a dispersão dos tiros de espingardas.

Pode ser montado em: IZH-43, Remington, Saiga-12k.
</name>
</text>

<text>
	<id>91</id>
	<name>Comida +10
Água +10
50% de chance de ficar doente quando comido.

Pode ser cozinhado na fogueira.
</name>
</text>

<text>
	<id>92</id>
	<name>Comida +35
Água +15
50% de chance de ficar doente quando comido.

Pode ser cozinhado na fogueira.
</name>
</text>

<text>
	<id>93</id>
	<name> Comida +10
Água +10
50% de chance de ficar doente quando comido.

Pode ser cozinhado na fogueira.
</name>
</text>

<text>
	<id>94</id>
	<name>Comida +35
Água +15
50% de chance de ficar doente quando comido.

Pode ser cozinhado na fogueira.
</name>
</text>

<text>
	<id>95</id>
	<name>Comida +25
Água +10
Sangue +10
</name>
</text>

<text>
	<id>96</id>
	<name>Comida +50
Água +10
Sangue +10
</name>
</text>

<text>
	<id>97</id>
	<name>Viagem ruim garantida
</name>
</text>

<text>
	<id>98</id>
	<name>+25% para dar um tiro na cabeça quando anexado.
 -6 ao spread padrão da arma de fogo.

Pode ser montado em: SKS, Mosin Nagant, SVD, SV-98.
</name>
</text>

<text>
	<id>99</id>
	<name>Depois de acionado, disparar explosões na direção frontal.
</name>
</text>

<text>
	<id>100</id>
	<name>Munição para: PM, PB, Bizon.
Pilha Máxima: 40
</name>
</text>

<text>
	<id>101</id>
	<name>Munição para: VSS, Groza.
Pilha Máxima: 30
</name>
</text>

<text>
	<id>102</id>
	<name>Depois de arremessar, explode e queima os inimigos.
</name>
</text>

<text>
	<id>103</id>
	<name>Sinalizador. Após o tiro, ele chama airdrop. O lançamento aéreo será entregue em 20 segundos.
</name>
</text>

<text>
	<id>104</id>
	<name>Munição para metralhadora montada em Humvee dirigível.
</name>
</text>

<text>
	<id>105</id>
	<name>Munição para lançador de granadas M203.
Pilha Máxima: 3
</name>
</text>

<text>
	<id>106</id>
	<name>Munição para lançador de granadas GP-25.
Pilha Máxima: 3
</name>
</text>

<text>
	<id>107</id>
	<name>Lançador de granadas sob o cano da arma.
 Permite disparar granadas de 40mm quando acoplado.

Pode ser montado em: M4, L85, FN-CAL, AUG.
</name>
</text>

<text>
	<id>108</id>
	<name>Lançador de granadas sob o cano da arma.
 Permite disparar granadas VOG-25 quando acoplado.

Pode ser montado em: AK-74, AKM, AN-94.
</name>
</text>

<text>
	<id>109</id>
	<name>Você pode preenchê-lo com seu próprio sangue para uso posterior.
Requer nível mínimo de sangue de 50%.
</name>
</text>

<text>
	<id>110</id>
	<name>Pedra especial usada para afiar lâminas.
 +25 de durabilidade em arma corpo a corpo do tipo cortante.

Pode ser usado em: Machado, Machado de fogo, Espada, Katana, Facas.
</name>
</text>

<text>
	<id>111</id>
	<name>Punho frontal universal para rifles AK.
Diminua fortemente a propagação máxima ao atirar.  Torna o disparo em movimento e o disparo longo mais eficiente.

Pode ser montado em: AK-74, AKM, RPK.
</name>
</text>

<text>
	<id>112</id>
	<name>Punho frontal para armas com trilhos Pic.  
Diminua fortemente a propagação máxima ao atirar. Torna o disparo em movimento e o disparo longo mais eficiente.

Pode ser montado em: UMP-45, M4, L85.
</name>
</text>

<text>
	<id>113</id>
	<name>Bloco de notas pequeno, contendo coordenadas de lugares interessantes nesta ilha.
Se você não usá-lo, ele será removido na próxima ilha.
</name>
</text>

<text>
	<id>114</id>
	<name>Comida +10
Água +10
Sangue +2
</name>
</text>

<text>
	<id>115</id>
	<name>
</name>
</text>

<text>
	<id>116</id>
	<name>+200 XP
</name>
</text>

<text>
	<id>117</id>
	<name>Ingrediente para Loot Stash.
</name>
</text>

<text>
	<id>118</id>
	<name>Para o sangramento.
Tempo de aplicação: 1 segundo.
Pilha Máxima: 5
</name>
</text>

<text>
	<id>119</id>
	<name>Cria cortina de fumaça por 15 segundos, dificultando  a visão dos inimigos.
</name>
</text>

<text>
	<id>120</id>
	<name>Calor +5 e diminui a fome e a sede por 30 segundos após o uso. 
Carma +5 quando presenteado a outros sobreviventes.
</name>
</text>

<text>
	<id>121</id>
	<name>Água +20
Calor +10
</name>
</text>

<text>
	<id>122</id>
	<name>+25% de durabilidade quando usado em algum equipamento.
</name>
</text>

<text>
	<id>123</id>
	<name>Aumenta a velocidade de crescimento das plantas.
</name>
</text>

<text>
	<id>124</id>
	<name>Aumenta a velocidade de mira e recuperação de recuo em 30%.

Pode ser montado em: UMP-45, Vector, AK-74u, Ak-74, AN-94, AKM, M4, L85, AUG, RPK, Mosin Nagant, SKS, SVD, SV-98, VSS.
</name>
</text>

<text>
	<id>125</id>
	<name>Pode acender o kit fogueira para fazer fogueira ou acender cigarros.
</name>
</text>

<text>
	<id>126</id>
	<name>Abre portas especiais no bunker subterrâneo. Funciona apenas para bunker na ilha atual.
</name>
</text>

<!--Pistolas-->

<!--fnx-->
<text>
	<id>211</id>
	<name>Dano: 15-25
Precisão: 5
Veloc. de mira: 10 
Munição: 45 ACP
Capacidade: 15
</name>
</text>

<!--colt-->
<text>
	<id>212</id>
	<name>Dano: 18-32
Precisão: 6
Veloc. de mira: 10 
Munição: 45 ACP
Capacidade: 7
</name>
</text>

<!--magnum-->
<text>
	<id>213</id>
	<name>Dano: 33-57
Precisão: 6
Valoc. de mira: 6 
Munição: .357
Capacidade: 6
</name>
</text>

<!-- glock -->
<text>
	<id>214</id>
	<name>Dano: 14-24
Precisão: 7
Veloc. de mira: 10 
Munição: 9mm
Capacidade: 18
</name>
</text>

<!-- amphibia-->
<text>
	<id>215</id>
	<name>Possui silenciador embutido.
Dano: 11-19
Precisão: 8
Veloc. de mira: 10 
Munição: 22lr
Capacidade: 10
</name>
</text>

<!--IZH S-->
<text>
	<id>216</id>
	<name>Dano: 15-125
Precisão: 1
Veloc. de mira: 8 
Munição: 12cal
Capacidade: 2
</name>
</text>

<!--Mosin S-->
<text>
	<id>217</id>
	<name>Dano: 67-113
Precisão: 1
Veloc. de mira: 6
Munição: 7.62
Capacidade: 5
</name>
</text>

<!--Rare colt-->
<text>
	<id>218</id>
	<name>Dano: 18-32
Precisão: 7
Veloc. de mira: 10
Munição: 45 ACP
Capacidade: 12
</name>
</text>

<!--MAc-->
<text>
	<id>219</id>
	<name>Dano: 12-25
Precisão: 2
Veloc. de mira: 7
Cadência: 10
Munição: 9mm
Capacidade: 30
</name>
</text>

<!--MAre-->
<text>
	<id>220</id>
	<name>Dano: 33-57
Precisão: 2
Veloc. de mira: 8
Munição: .357
Capacidade: 7
</name>
</text>

<!--PM-->
<text>
	<id>221</id>
	<name>Dano: 18-30
Precisão: 4
Veloc. de mira: 10
Munição: 9x18
Capacidade: 8
</name>
</text>

<!--PB-->
<text>
	<id>222</id>
	<name>Possui silenciador embutido.
Dano: 18-30
Precisão: 3
Veloc. de mira: 10
Munição: 9x18
Capacidade: 8
</name>
</text>

<!--Deagle-->
<text>
	<id>223</id>
	<name>Dano: 30-50
Precisão: 6
Veloc. de mira: 7
Munição: .357
Capacidade: 9
</name>
</text>

<!--Armas principais-->

<!--Mosin-->
<text>
	<id>232</id>
	<name>Dano: 67-113
Precisão: 9
Veloc. de mira: 4
Cadência: 46
Munição: 7.62
Capacidade: 5
</name>
</text>

<!--M4-->
<text>
	<id>233</id>
	<name>Dano: 18-30
Precisão: 8
Veloc. de mira: 5
Cadência: 600
Munição: 5.56
Capacidade: 30
</name>
</text>

<!--IZH -->
<text>
	<id>234</id>
	<name>Dano: 15-125
Precisão: 8
Veloc. de mira: 5
Munição: 5.56
Capacidade: 30
</name>
</text>

<!--IZH -->
<text>
	<id>234</id>
	<name>Dano: 15-125
Precisão: 2
Veloc. de mira: 4
Munição: 12cal
Capacidade: 2
</name>
</text>

<!-- AK-74 -->
<text>
	<id>235</id>
	<name>Dano: 18-32
Precisão: 7
Veloc. de mira: 5
Cadência: 600
Munição: 5.45
Capacidade: 30
</name>
</text>

<!--AKM-->
<text>
	<id>236</id>
	<name>Dano: 26-44
Precisão: 7
Veloc. de mira: 5
Cadência: 460
Munição: 7.62x39
Capacidade: 30
</name>
</text>

<!-- AK-74u -->
<text>
	<id>237</id>
	<name>Dano: 18-32
Precisão: 6
Veloc. de mira: 6
Cadência: 750
Munição: 5.45
Capacidade: 30
</name>
</text>

<!--SKS-->
<text>
	<id>238</id>
	<name>Dano: 33-57
Precisão: 8
Veloc. de mira: 6
Cadência: 200
Munição: 7.62x39
Capacidade: 10
</name>
</text>

<!--L85-->
<text>
	<id>240</id>
	<name>Dano: 18-30
Precisão: 9
Veloc. de mira: 5
Cadência: 500
Munição: 5.56
Capacidade: 30
</name>
</text>

<!--Remington-->
<text>
	<id>241</id>
	<name>Dano: 15-125
Precisão: 2
Veloc. de mira: 4
Cadência: 66
Munição: 12cal
Capacidade: 6
</name>
</text>

<!--arco-->
<text>
	<id>243</id>
	<name>Dano: 37-94
Precisão: 6
Veloc. de mira: 6
Munição: Flechas compostas ou improvisadas.
Capacidade: 1
</name>
</text>

<!--Besta-->
<text>
	<id>244</id>
	<name>Dano: 37-94
Precisão: 9
Veloc. de mira: 6
Munição: Flechas compostas ou improvisadas.
Capacidade: 1
</name>
</text>

<!--Sporter-->
<text>
	<id>246</id>
	<name>Dano: 15-25
Precisão: 8
Veloc. de mira: 6
Cadência: 300
Munição: 22lr
Capacidade: 30
</name>
</text>

<!--Repeater-->
<text>
	<id>247</id>
	<name>Dano: 30-50
Precisão: 7
Veloc. de mira: 6
Cadência: 85
Munição: .357
Capacidade: 7
</name>
</text>

<!--SVD-->
<text>
	<id>248</id>
	<name>Dano: 60-100
Precisão: 9
Veloc. de mira: 3
Cadência: 150
Munição: 7.62
Capacidade: 10
</name>
</text>

<!--MP5k-->
<text>
	<id>249</id>
	<name>Dano: 13-23
Precisão: 6
Veloc. de mira: 6
Cadência: 850
Munição: 9mm
Capacidade: 30
</name>
</text>

<!--UMP-->
<text>
	<id>251</id>
	<name>Dano: 13-23
Precisão: 5
Veloc. de mira: 6
Cadência: 650
Munição: 45 ACP
Capacidade: 30
</name>
</text>

<!--RPk-->
<text>
	<id>252</id>
	<name>Dano: 26-44
Precisão: 7
Veloc. de mira: 6
Cadência: 600
Munição: 7.62x39
Capacidade: 40
</name>
</text>

<!--FN CAL-->
<text>
	<id>253</id>
	<name>Dano: 22-38
Precisão: 9
Veloc. de mira: 5
Cadência: 550
Munição: 5.56
Capacidade: 30
</name>
</text>

<!--Saiga12-->
<text>
	<id>254</id>
	<name>Dano: 15-125
Precisão: 1
Veloc. de mira: 4
Cadência: 200
Munição: 12cal
Capacidade: 8
</name>
</text>

<!--AUG-->
<text>
	<id>255</id>
	<name>Tem mira embutida, +15% de chance  de tiro na cabeça.
Dano: 18-30
Precisão: 9
Veloc. de mira: 5
Cadência: 650
Munição: 5.56
Capacidade: 30
</name>
</text>

<!--Bizon-->
<text>
	<id>256</id>
	<name>Dano: 18-20
Precisão: 6
Veloc. de mira: 6
Cadência: 550
Munição: 9x18
Capacidade: 40
</name>
</text>

<!--Groza-->
<text>
	<id>257</id>
	<name>Possui lançador de granadas GP-25 embutido.
Dano: 30-50
Precisão: 7
Veloc. de mira: 6
Cadência: 600
Munição: 9x39
Capacidade: 30
</name>
</text>

<!--VSS-->
<text>
	<id>258</id>
	<name>Dano: 37-62
Precisão: 10
Veloc. de mira: 5
Cadência: 600
Munição: 9x39
Capacidade: 20
</name>
</text>

<!--SV98-->
<text>
	<id>259</id>
	<name>Dano: 61-106
Precisão: 9
Veloc. de mira: 3
Cadência: 66
Munição: 7.62
Capacidade: 10
</name>
</text>

<!--MAdsen-->
<text>
	<id>260</id>
	<name>Arma enferrujada, muito frágil.
Dano: 52-87
Precisão: 6
Veloc. de mira: 6
Cadência: 500
Munição: 7.62
Capacidade: 20
</name>
</text>

<!--AN94-->
<text>
	<id>261</id>
	<name>Dispara rajadas de dois tiros.
Dano: 24-40
Precisão: 8
Veloc. de mira: 3
Cadência: 1800
Munição: 5.45
Capacidade: 30
</name>
</text>


<!--Remington silenciada-->
<text>
	<id>262</id>
	<name>Possui silenciador embutido.
Dano: 15-125
Precisão: 2
Veloc. de mira: 4
Cadência: 66
Munição: 12cal
Capacidade: 6
</name>
</text>

<!--M16A2-->
<text>
	<id>263</id>
	<name>Dispara rajadas de três tiros.
Dano: 18-30
Precisão: 9
Veloc. de mira: 4
Cadência: 1800
Munição: 5.56
Capacidade: 30
</name>
</text>

<!--Vector-->
<text>
	<id>264</id>
	<name>Dano: 13-23
Precisão: 6
Veloc. de mira: 6
Cadência: 1200
Munição: 45ACP
Capacidade: 30
</name>
</text>

<!--Mochilas-->

<!-- Taloon -->
<text>
	<id>301</id>
	<name>Espaço +3
</name>
</text>

<text>
	<id>302</id>
	<name>Espaço +7
</name>
</text>

<text>
	<id>303</id>
	<name>Espaço +5
</name>
</text>

<text>
	<id>304</id>
	<name>Espaço +2
</name>
</text>

<text>
	<id>305</id>
	<name>Espaço +3
</name>
</text>

<text>
	<id>306</id>
	<name>Espaço +5
</name>
</text>

<text>
	<id>307</id>
	<name>O saque armazenado no interior nunca desaparecerá. Não pode ser retirado de volta.
</name>
</text>

<text>
	<id>308</id>
	<name>Espaço +6
</name>
</text>

<text>
	<id>309</id>
	<name>Espaço +1 
</name>
</text>

<!--Calça-->

<!--Jeans-->
<text>
	<id>351</id>
	<name>Espaço +2
Calor +5
</name>
</text>

<!-- Worker -->
<text>
	<id>352</id>
	<name>Espaço +3
Calor +5
</name>
</text>

<!--Esporte -->

<text>
	<id>353</id>
	<name>Espaço +1
Calor +3
</name>
</text>

<!--Gorka-->
<text>
	<id>354</id>
	<name>Espaço +3
Calor +7
Armadura +2
</name>
</text>

<!--Medic-->
<text>
	<id>355</id>
	<name>Espaço +2
Calor +4
</name>
</text>

<!--Orel-->
<text>
	<id>356</id>
	<name>Espaço +2
Calor +5
Armadura +1
</name>
</text>

<!--Hunter-->
<text>
	<id>357</id>
	<name>Espaço +3
Calor +6
Armadura +1 
</name>
</text>

<!--Colete-->

<!--Á prova de balas-->
<text>
	<id>401</id>
	<name>Armadura +8
</name>
</text>

<!--Assalto-->
<text>
	<id>402</id>
	<name>Espaço +2
Armadura +3
</name>
</text>

<!--Repórter-->
<text>
	<id>403</id>
	<name>Espaço +1
Armadura +6
</name>
</text>

<!--Alta capacidade-->
<text>
	<id>404</id>
	<name>Espaço +3
Armadura +3
</name>
</text>

<!--Kevlar-->
<text>
	<id>405</id>
	<name>Espaço +3
Armadura +10
</name>
</text>

<!--Soviético-->
<text>
	<id>406</id>
	<name>Espaço +2
Armadura +8
</name>
</text>

<!--Avental-->
<text>
	<id>407</id>
	<name>Espaço +1 
</name>
</text>

<!--Capacetes-->

<!--Moto-->
<text>
	<id>451</id>
	<name>Calor +2 
Armadura +3
</name>
</text>

<!--Militar-->
<text>
	<id>452</id>
	<name>Calor +2 
Armadura +4
</name>
</text>

<!--Duro-->
<text>
	<id>453</id>
	<name>Calor +2
Armadura +2
</name>
</text>

<!--Máscara de gás-->
<text>
	<id>454</id>
	<name>Calor +2 
Armadura +1
</name>
</text>

<!--Moto2-->
<text>
	<id>455</id>
	<name> Calor +2 
Armadura +3
</name>
</text>

<!--Moto3-->
<text>
	<id>456</id>
	<name>Calor +2 
Armadura +3
</name>
</text>

<!--Boné-->
<text>
	<id>457</id>
	<name>Calor +2
</name>
</text>

<!--Chapéu quente-->
<text>
	<id>458</id>
	<name>Calor +4
</name>
</text>

<!--Ushanka-->
<text>
	<id>459</id>
	<name>Calor +6
</name>
</text>

<!--Boina-->
<text>
	<id>460</id>
	<name>Calor +2 
</name>
</text>

<!--Balaclava-->
<text>
	<id>461</id>
	<name>Calor +3
</name>
</text>

<!--Lanterna de cabeça-->
<text>
	<id>462</id>
	<name>Calor +1
Usa baterias.
</name>
</text>

<!--Vaqueiro-->
<text>
	<id>463</id>
	<name>Calor +2 
</name>
</text>

<!--Mascara de soldagem-->
<text>
	<id>464</id>
	<name>Calor +1
Armadura +1
</name>
</text>

<!--Gorka-->
<text>
	<id>465</id>
	<name>Calor +3
Armadura +5
</name>
</text>

<!--Gorka-->
<text>
	<id>465</id>
	<name>Calor +3
Armadura +5
</name>
</text>

<!--Chapéu de Polícia-->
<text>
	<id>466</id>
	<name>Calor +2
</name>
</text>

<!--NVG-->
<text>
	<id>467</id>
	<name>Calor +1
Usa baterias.
</name>
</text>

<!--Bandana-->
<text>
	<id>468</id>
	<name>Calor +2
Pode ser rasgado em trapos.
</name>
</text>

<!--Capacete de cavaleiro-->
<text>
	<id>469</id>
	<name>Calor +4
Armadura +5
</name>
</text>

<!--Capacete de piloto-->
<text>
	<id>470</id>
	<name>Calor +3 
Armadura +2
</name>
</text>

<!--Roupas-->

<!--Capuz-->
<text>
	<id>501</id>
	<name>Espaço +2
Calor +5
Pode ser rasgado em trapos.
</name>
</text>

<!--Camisa-->
<text>
	<id>502</id>
	<name>Espaço +1
Calor +3
Pode ser rasgado em trapos.
</name>
</text>

<!--Hoodie-->
<text>
	<id>504</id>
	<name>Espaço +2
Calor +5
Pode ser rasgado em trapos.
</name>
</text>

<!--Chuva-->
<text>
	<id>505</id>
	<name>Espaço +2
Calor +6

Protege da chuva fria
</name>
</text>

<!--Chuva2-->
<text>
	<id>506</id>
	<name>Espaço +2
Calor +6

Protege da chuva fria
</name>
</text>

<!--Jaqueta couro-->
<text>
	<id>507</id>
	<name>Espaço +1
Calor +4
Armadura +2
</name>
</text>

<!--Casaco de pele-->
<text>
	<id>509</id>
	<name>Espaço +1
Calor +9
</name>
</text>

<!--Gorka-->
<text>
	<id>510</id>
	<name>Espaço +3
Calor +7
Armadura +2
</name>
</text>

<!--Tshirt-->
<text>
	<id>511</id>
	<name>Calor +2
Pode ser rasgado em trapos.
</name>
</text>

<!--Paramédico-->
<text>
	<id>512</id>
	<name>Espaço +2
Calor +5
</name>
</text>

<!--Orel-->
<text>
	<id>513</id>
	<name>Espaço +2
Calor +5
Armadura +1
</name>
</text>

<!--Treino-->
<text>
	<id>514</id>
	<name>Espaço +1
Calor +4
</name>
</text>

<!--Vestido-->
<text>
	<id>515</id>
	<name>Espaço +1
Calor +4
</name>
</text>

<!--Down-->
<text>
	<id>516</id>
	<name>Espaço +2
Calor +8
</name>
</text>

<!--Casaco de caçador-->
<text>
	<id>517</id>
	<name>Espaço +3
Calor +6
Armadura +1
</name>
</text>

<!--Agasalho-->
<text>
	<id>518</id>
	<name>Espaço +1
Calor +6
</name>
</text>

<!--Moletom Vermelho-->
<text>
	<id>519</id>
	<name>Espaço +3
Calor +8
</name>
</text>

<!--Corpo a corpo-->

<!--Machado-->
<text>
	<id>551</id>
	<name>Dano: 52-87
Chance de crítico: 25%
Chance de bloqueio: 25%
Veloc. de ataque: 1.5s
Pode cortar árvores.
</name>
</text>

<!--Pá-->
<text>
	<id>552</id>
	<name>Dano: 19-31
Chance de crítico: 15%
Chance de bloqueio: 35%
Veloc. de ataque: 1.6s
Pode ser usado para plantar plantas.
</name>
</text>

<!--Chave inglesa-->
<text>
	<id>553</id>
	<name>Dano: 23-38
Chance de crítico: 25%
Chance de bloqueio: 15%
Veloc. de ataque: 1.3s
</name>
</text>

<!--Taco de beisebol-->
<text>
	<id>554</id>
	<name>Dano: 26-44
Chance de crítico: 25%
Chance de bloqueio: 15%
Veloc. de ataque: 1s
</name>
</text>

<!--Machado de fogo-->
<text>
	<id>555</id>
	<name>Dano: 45-75
Chance de crítico: 25%
Chance de bloqueio: 25%
Veloc. de ataque: 1.6s
Pode cortar árvores.
</name>
</text>

<!--Pé de cabra-->
<text>
	<id>556</id>
	<name>Dano: 19-31
Chance de crítico: 25%
Chance de bloqueio: 15%
Veloc. de ataque: 1.2s
</name>
</text>

<!--Faca de açogueiro-->
<text>
	<id>557</id>
	<name>Dano: 14-24
Chance de crítico: 10%
Chance de bloqueio: 5%
Veloc. de ataque: 0.8s
</name>
</text>

<!--Faca de caçador-->
<text>
	<id>558</id>
	<name>Dano: 15-25
Chance de crítico: 15%
Chance de bloqueio: 5%
Veloc. de ataque: 0.8s
</name>
</text>

<!--Faca do exército-->
<text>
	<id>559</id>
	<name>Dano: 16-26
Chance de crítico: 20%
Chance de bloqueio: 5%
Veloc. de ataque: 0.8s
</name>
</text>

<!--Picareta-->
<text>
	<id>560</id>
	<name>Dano: 33-55
Chance de crítico: 15%
Chance de bloqueio: 35%
Veloc. de ataque: 1.3s
Pode ser usado para plantar plantas.
</name>
</text>

<!--Forcado-->
<text>
	<id>561</id>
	<name>Dano: 30-50
Chance de crítico: 15%
Chance de bloqueio: 35%
Veloc. de ataque: 1.2s
Pode ser usado para plantar plantas.
</name>
</text>

<!--Marreta-->
<text>
	<id>562</id>
	<name>Dano: 36-60
Chance de crítico: 15%
Chance de bloqueio: 35%
Veloc. de ataque: 1.8s
</name>
</text>

<!--Espada-->
<text>
	<id>563</id>
	<name>Dano: 56-94
Chance de crítico: 35%
Chance de bloqueio: 25%
Veloc. de ataque: 1.5s
Pode cortar árvores.
</name>
</text>

<!--Frigideira-->
<text>
	<id>564</id>
	<name>Dano: 25-41
Chance de crítico: 40%
Chance de bloqueio: 35%
Veloc. de ataque: 0.9s
</name>
</text>

<!-- Katana -->
<text>
	<id>565</id>
	<name>Dano: 48-81
Chance de crítico: 35%
Chance de bloqueio: 25%
Veloc. de ataque: 1.2s
Pode cortar árvores.
</name>
</text>

<!--Revelação de localização secreta-->

<text>
	<id>150</id>
	<name>Isso é um achado!</name>
</text>

<text>
	<id>151</id>
	<name>Chamar airdrop</name>
</text>

<text>
	<id>152</id>
	<name>Carga</name>
</text>

<text>
	<id>153</id>
	<name>Este veículo não tem metralhadora montada.</name>
</text>

<text>
	<id>154</id>
	<name>Eu não posso fazer isso aqui.</name>
</text>

<text>
	<id>155</id>
	<name>Escolha o nível de dificuldade.
Alguns desbloqueáveis podem ser feitos apenas em dificuldades mais altas.
</name>
</text>

<text>
	<id>156</id>
	<name>Eu preciso de arma com lançador de granadas anexado.</name>
</text>

<text>
	<id>157</id>
	<name>Munição:</name>
</text>

<text>
	<id>158</id>
	<name>Não posso fazer isso enquanto estou doente.</name>
</text>

<text>
	<id>159</id>
	<name>Preciso de mais sangue para fazê-lo.</name>
</text>

<text>
	<id>160</id>
	<name>Eu já estou sangrando!</name>
</text>

<text>
	<id>161</id>
	<name>Recusare</name>
</text>

<text>
	<id>162</id>
	<name>Não há nada que possamos falar.</name>
</text>

<!--Frases de bot para comandos-->


<text>
	<id>163</id>
	<name>Seguindo você.</name>
</text>

<text>
	<id>164</id>
	<name>Eu vou guardar esta área.</name>
</text>

<!--Frases para dormir-->

<text>
	<id>165</id>
	<name>Não consigo dormir quando os inimigos estão por perto.</name>
</text>

<text>
	<id>166</id>
	<name>É melhor eu dormir à noite.</name>
</text>

<text>
	<id>167</id>
	<name>Você pode dormir durante a noite.  Se estiver em boas condições poderá dormir até às 06:00 da manhã. Você acordará mais cedo se a fome ou a sede forem muito altas.
</name>
</text>

<text>
	<id>168</id>
	<name>Vá dormir</name>
</text>

<text>
	<id>169</id>
	<name>Os recursos atuais permitem que você durma até</name>
</text>

<text>
	<id>170</id>
	<name>Está muito frio aqui para dormir.</name>
</text>

<text>
	<id>171</id>
	<name>Estou com muita fome.</name>
</text>

<text>
	<id>172</id>
	<name>Estou com muita sede.</name>
</text>

<text>
	<id>173</id>
	<name>Não posso fazer isso enquanto estou sangrando.</name>
</text>

<text>
	<id>174</id>
	<name>Eu preciso de um telhado pelo menos para dormir.</name>
</text>

<text>
	<id>175</id>
	<name>Atualmente você está com muita fome ou sede para ir dormir.</name>
</text>

<text>
	<id>176</id>
	<name>Não consigo dormir durante o dia.</name>
</text>

<text>
	<id>177</id>
	<name>Não consigo dormir aqui.</name>
</text>

<text>
	<id>178</id>
	<name>Lenda</name>
</text>

<text>
	<id>179</id>
	<name>Muito perto!</name>
</text>

<!--Personagens-->

<text>
	<id>180</id>
	<name>Xavier "Piloto"
Equipamento inicial: calça gorka, sweater, capacete de piloto, UMP-45, flare.
Vantagens liberadas: Sobrevivente(lvl.2), Sacador.</name>
</text>

<text>
	<id>181</id>
	<name>Xavier "Piloto"
Requisito de desbloqueio: Encontre 13 locais de queda de helicóptero em uma vida.
Na dificuldade "Lenda".</name>
</text>

<text>
	<id>182</id>
	<name>Rodolfo "Caçador"
Equipamento inicial: Izh-43, Ushanka, 10 de munição de 12cal, faca de caçador, vara de pesca, jaqueta de caçador, calça de caçador.
Vantagens liberadas: Caçador(lvl.2), Noturno.</name>
</text>

<text>
	<id>183</id>
	<name>Rodolfo "Caçador"
Requisito de desbloqueio: Encontre e mate 3 veados albinos.
 Na dificuldade "Lenda".</name>
</text>

<text>
	<id>184</id>
	<name>Taman "Guarda"
Equipamento inicial: Chapéu de polícia, jaqueta orel, calça orel, AKSu-74, bebida energética.
Vantagens liberadas: Franco-atirador(lvl.2), Cultivador de balas</name>
</text>

<text>
	<id>185</id>
	<name>Taman "Guarda"
Requisito de desbloqueio: Mate o zumbi "tanque" com a metralhadora montada em Humvee. 
Na dificuldade "lenda".</name>
</text>

<text>
	<id>186</id>
	<name>Daria "Cientista"
Equipamento inicial: Calça de trabalhador, avental, camisa, tetraciclina, kit IV, vitaminas, adrenalina, 3 curativos.
Vantagens liberadas: Escarlate(lvl.2), Velocista.</name>
</text>

<text>
	<id>187</id>
	<name>Daria "Cientista"
Requisito de desbloqueio: Alcance a 5ª ilha.
 Na dificuldade "Lenda".</name>
</text>

<text>
	<id>188</id>
	<name>Afiado (+25%)</name>
</text>

<text>
	<id>189</id>
	<name>Desert eagle
Para liberar: Vista um conjunto de vaqueiro (chapéu de caubói, camisa, magnum) em uma vida, tudo de uma vez.
Na dificuldade "Normal" ou superior.
Situação atual: </name>
</text>

<text>
	<id>190</id>
	<name>Desert eagle
Desbloqueado.
Locais: Bunkers subterrâneos, Lojas de armas.</name>
</text>

<text>
	<id>191</id>
	<name>Katana
Requisito de desbloqueio: Mate 100 zumbis com facas.
Na dificuldade "Lenda".
Situação atual: </name>
</text>

<text>
	<id>192</id>
	<name>Katana
Desbloqueado.
Locais: Lojas de armas.</name>
</text>

<text>
	<id>193</id>
	<name>A arma está afiada.</name>
</text>

<text>
	<id>194</id>
	<name>Esta arma não pode ser afiada.</name>
</text>

<text>
	<id>195</id>
	<name>Criar corda</name>
</text>

<text>
	<id>196</id>
	<name>Eu preciso de 3 panos para isso.</name>
</text>

<text>
	<id>197</id>
	<name>Me siga!</name>
</text>

<text>
	<id>198</id>
	<name>Fique aqui!</name>
</text>

<text>
	<id>199</id>
	<name>Vá embora!</name>
</text>

<text>
	<id>200</id>
	<name>Olá sobrevivente.</name>
</text>

<text>
	<id>201</id>
	<name>Eu não consigo fazer aqui</name>
</text>

<text>
	<id>202</id>
	<name>Há inimigos por perto!</name>
</text>

<text>
	<id>203</id>
	<name>Eu posso tentar pular lá em um carro.</name>
</text>

<text>
	<id>204</id>
	<name>Você está pronto para pular na ponte? Não haverá caminho de volta, e muito perigoso pela frente.</name>
</text>

<text>
	<id>205</id>
	<name>Olá</name>
</text>

<text>
	<id>206</id>
	<name>Ei, você pode nos ajudar?</name>
</text>

<text>
	<id>207</id>
	<name>Não atire, somos amigáveis</name>
</text>

<text>
	<id>208</id>
	<name>Saudações</name>
</text>

<text>
	<id>209</id>
	<name>Obrigado!</name>
</text>

<text>
	<id>210</id>
	<name>Oi! Ouvimos falar de você! Você estava ajudando pessoas em apuros, e nós queremos ajudá-lo! Pegue isso:</name>
</text>

<text>
	<id>611</id>
	<name>Eu aprendi algumas boas habilidades!</name>
</text>

<text>
	<id>612</id>
	<name>Ler</name>
</text>

<text>
	<id>613</id>
	<name>Eu me sinto imortal, mas não sou.</name>
</text>

<text>
	<id>614</id>
	<name>minutos.</name>
</text>

<text>
	<id>615</id>
	<name>Criar esconderijo</name>
</text>

<text>
	<id>616</id>
	<name>Coloque o esconderijo</name>
</text>

<text>
	<id>617</id>
	<name>• Baixa taxa de fome e sede
• Clima quente
• Dano reduzido dos NPCs ao jogador
</name>
</text>

<text>
	<id>618</id>
	<name>• Taxa média de fome e sede
• Clima normal
• Dano normal dos NPCs ao jogador
</name>
</text>

<text>
	<id>619</id>
	<name>• Alta taxa de fome e sede
• Clima frio
• Alto dano de NPCs ao jogador
• Pouco mais de zumbis em alguns locais
</name>
</text>

<text>
	<id>620</id>
	<name>• Alta taxa de fome e sede
• Clima frio
• Alto dano de NPCs ao jogador
• Pouco mais de zumbis em alguns locais
• As áreas não exploradas estão ocultas no minimapa
</name>
</text>

<text>
	<id>621</id>
	<name>Começar
</name>
</text>

<text>
	<id>622</id>
	<name>Você está pronto para ir para 5ª ilha? Não haverá caminho de volta.
</name>
</text>

<text>
	<id>623</id>
	<name>Você está pronto para ir para 5ª ilha? Não haverá caminho de volta.
</name>
</text>

<text>
	<id>624</id>
	<name>A vara de pescar está arruinada.
</name>
</text>

<text>
	<id>625</id>
	<name>Criar molotov
</name>
</text>

<text>
	<id>626</id>
	<name>MOLOTOV E CORDA
</name>
</text>

<text>
	<id>627</id>
	<name>3 trapos = Corda
</name>
</text>

<text>
	<id>628</id>
	<name>Uísque + Flare = Molotov
</name>
</text>

<text>
	<id>629</id>
	<name>ARMAZENAGEM PARA SAQUE
</name>
</text>

<text>
	<id>630</id>
	<name>Saco de batata + Saco de batata = Lona
</name>
</text>

<text>
	<id>631</id>
	<name>Lona + Pilha de madeira = Esconderijo.
O saque deixado no esconderijo estará seguro.
Os inimigos podem destruí-lo se encontrado.
</name>
</text>

<text>
	<id>632</id>
	<name>Mike "Designer"
Requisito de desbloqueio: Alcance a ilha desconhecida.
 Na dificuldade "Lenda".
</name>
</text>

<text>
	<id>633</id>
	<name>Mike "Designer"
Equipamento inicial: Moletom incrível, Calças de trabalhador, Espada, Vector, 4 bebidas energéticas, 60 munições de .45 ACP.
Vantagens liberadas: Franco-atirador, Socador, Velocista, Explorador.</name>
</text>

<text>
	<id>634</id>
	<name>Esparadrapo
Requisito de desbloqueio: Termine o jogo com um desses personagens: Emílio "Médico", Billy "Rublo", Dave "Boxeador".</name>
</text>

<text>
	<id>635</id>
	<name>Isqueiro
Requisito de desbloqueio: Termine o jogo com um desses personagens: Lee "Maníaco", Sergey “Polaco”, John “Motoqueiro”.</name>
</text>

<text>
	<id>636</id>
	<name>Granada de fumaça
Requisito de desbloqueio: Termine o jogo com um desses personagens: Ganzo “Dragão”, Tom “Sobrevivente”, Garry “Veterano”.</name>
</text>

<text>
	<id>637</id>
	<name>Mira laser
Requisito de desbloqueio: Termine o jogo com um desses personagens: Kate “Turista”, Jasmine “Lenhadora”, Aika “Freelancer”.</name>
</text>

<text>
	<id>638</id>
	<name>Cartão-chave do oficial
Requisito de desbloqueio: Termine o jogo com um desses personagens: Xavier "Piloto", Rodolfo "Caçador", Taman "Guarda", Daria "Cientista".</name>
</text>

<text>
	<id>639</id>
	<name>...Cópia! Nós ouvimos você! Estará na sua posição em um dia, espere!...</name>
</text>

<text>
	<id>640</id>
	<name>Tente entrar em contato com alguém com um rádio?</name>
</text>

<text>
	<id>641</id>
	<name>Fumaça</name>
</text>

<text>
	<id>642</id>
	<name>Tratar</name>
</text>

<text>
	<id>643</id>
	<name>Fertilizar</name>
</text>

<text>
	<id>644</id>
	<name>Itens</name>
</text>

<text>
	<id>645</id>
	<name>Esparadrapo
Locais: Hospitais, Edifícios de cidades.</name>
</text>

<text>
	<id>646</id>
	<name>Isqueiro
Locais: Corpos de Bombeiros, Garagens.</name>
</text>

<text>
	<id>647</id>
	<name>Granada de fumaça
Locais: Bunkers subterrâneos, Bases militares.</name>
</text>

<text>
	<id>648</id>
	<name>Mira laser
 Locais: Bunkers subterrâneos, Bases militares.</name>
</text>

<text>
	<id>649</id>
	<name>Cartão-chave do oficial
Locais: Transportado por oficiais infectados.</name>
</text>

<text>
	<id>650</id>
	<name>Eu preciso de fogueira, fósforos ou isqueiro para isso.</name>
</text>

<text>
	<id>651</id>
	<name>Não consigo dormir, posso pular o helicóptero de resgate.</name>
</text>

<text>
	<id>652</id>
	<name>Não posso ir ao bunker, posso pular o helicóptero de resgate.</name>
</text>

<text>
	<id>653</id>
	<name>Ei! Eu sou Boris, bem vindo a bordo!</name>
</text>

<text>
	<id>654</id>
	<name>Nadia, voe para leste, para o sinal 4316.</name>
</text>

<text>
	<id>655</id>
	<name>Você escapou com sucesso.</name>
</text>

<text>
	<id>656</id>
	<name>Eu preciso voltar para o rádio!</name>
</text>

<text>
	<id>657</id>
	<name>Ilha desconhecida #</name>
</text>

<text>
	<id>658</id>
	<name>Você está pronto para usar o elevador? Não há caminho de volta.</name>
</text>

<text>
	<id>659</id>
	<name>Esta porta requer "Cartão-chave do oficial".</name>
</text>

<text>
	<id>660</id>
	<name>Preciso de uma planta para isso.</name>
</text>

<text>
	<id>661</id>
	<name>Keyboard(WASD)</name>
</text>

<text>
	<id>662</id>
	<name>Obrigada</name>
</text>

</list>