<?xml version="1.0"?>
<list>
	<text>
		<id>1</id>
		<name>Новая игра</name>
	</text>
	<text>
		<id>2</id>
		<name>Продолжить</name>
	</text>
	<text>
		<id>3</id>
		<name>Достижения</name>
	</text>
	<text>
		<id>4</id>
		<name>Сообщества</name>
	</text>
	<text>
		<id>5</id>
		<name>Изменения</name>
	</text>
	<text>
		<id>6</id>
		<name>Выйти</name>
	</text>
	<text>
		<id>7</id>
		<name>Новичок</name>
	</text>
	<text>
		<id>8</id>
		<name>Опытный</name>
	</text>
	<text>
		<id>9</id>
		<name>Ветеран</name>
	</text>
	<text>
		<id>10</id>
		<name>Назад</name>
	</text>
	<text>
		<id>11</id>
		<name>Продолжить</name>
	</text>
	<text>
		<id>12</id>
		<name>Минут в живых</name>
	</text>
	<text>
		<id>13</id>
		<name>Убито зараженных</name>
	</text>
	<text>
		<id>14</id>
		<name>Убито бандитов</name>
	</text>
	<text>
		<id>15</id>
		<name>Сложность</name>
	</text>
	<text>
		<id>16</id>
		<name>Создание мира</name>
	</text>
	<text>
		<id>18</id>
		<name>Размещение дорог (шаг 1)</name>
	</text>
	<text>
		<id>19</id>
		<name>Размещение дорог (шаг 2)</name>
	</text>
	<text>
		<id>20</id>
		<name>Добавление секретных мест</name>
	</text>
	<text>
		<id>21</id>
		<name>Создание карты</name>
	</text>
	<text>
		<id>22</id>
		<name>Создание мини-карты</name>
	</text>
	<text>
		<id>23</id>
		<name>Пропустить обучение</name>
	</text>
	<text>
		<id>24</id>
		<name>Да</name>
	</text>
	<text>
		<id>25</id>
		<name>Нет</name>
	</text>
	<text>
		<id>26</id>
		<name>Вы уверены, что хотите пропустить обучение?</name>
	</text>
	<text>
		<id>27</id>
		<name>Персонаж</name>
	</text>
	<text>
		<id>28</id>
		<name>Общая статистика</name>
	</text>
	<text>
		<id>29</id>
		<name>Минут в живых:</name>
	</text>
	<text>
		<id>30</id>
		<name>Убито зараженных:</name>
	</text>
	<text>
		<id>31</id>
		<name>Убито бандитов:</name>
	</text>
	<text>
		<id>32</id>
		<name>Смертей</name>
	</text>
	<text>
		<id>33</id>
		<name>Движение: Касанием</name>
	</text>
	<text>
		<id>34</id>
		<name>Движение: Джойстик</name>
	</text>
	<text>
		<id>35</id>
		<name>Звуки: ВКЛ</name>
	</text>
	<text>
		<id>36</id>
		<name>Звуки: ВЫКЛ</name>
	</text>
	<text>
		<id>37</id>
		<name>Перейти в меню</name>
	</text>
	<text>
		<id>38</id>
		<name>Бронза</name>
	</text>
	<text>
		<id>39</id>
		<name>Серебро</name>
	</text>
	<text>
		<id>40</id>
		<name>Золото</name>
	</text>
	<text>
		<id>41</id>
		<name>Ок</name>
	</text>
	<text>
		<id>42</id>
		<name>Для ремонта этой лодки нужны дрова.</name>
	</text>
	<text>
		<id>43</id>
		<name>Для ремонта этой лодки нужен скотч.</name>
	</text>
	<text>
		<id>44</id>
		<name>Ремонтировать</name>
	</text>
	<text>
		<id>45</id>
		<name>Оставить</name>
	</text>
	<text>
		<id>46</id>
		<name>Вы можете отремонтировать эту лодку с помощью дров, которые у вас есть.</name>
	</text>
	<text>
		<id>47</id>
		<name>Вы можете отремонтировать эту лодку с помощью скотча, который у вас есть.</name>
	</text>
	<text>
		<id>48</id>
		<name>Да</name>
	</text>
	<text>
		<id>49</id>
		<name>Нет</name>
	</text>
	<text>
		<id>50</id>
		<name>Лодка отремонтирована, вы готовы отправиться на следующий остров? Вы не сможете вернуться назад.</name>
	</text>
	<text>
		<id>51</id>
		<name>Выбрать</name>
	</text>
	<text>
		<id>52</id>
		<name>Припасы будут сброшены после видеорекламы.</name>
	</text>
	<text>
		<id>53</id>
		<name>Ящик с едой.</name>
	</text>
	<text>
		<id>54</id>
		<name>Ящик с питьем.</name>
	</text>
	<text>
		<id>55</id>
		<name>Ящик с бинтами.</name>
	</text>
	<text>
		<id>56</id>
		<name>«Привет! Хотите обменяться? Вот, что у меня есть:»</name>
	</text>
	<text>
		<id>57</id>
		<name>Предложение:</name>
	</text>
	<text>
		<id>58</id>
		<name>Цена:</name>
	</text>
	<text>
		<id>59</id>
		<name>Нет предметов</name>
	</text>
	<text>
		<id>60</id>
		<name>Обменять</name>
	</text>
	<text>
		<id>61</id>
		<name>Сбросить</name>
	</text>
	<text>
		<id>62</id>
		<name>Выбрать</name>
	</text>
	<text>
		<id>63</id>
		<name>Заблокировано</name>
	</text>
	<text>
		<id>64</id>
		<name>Текущие</name>
	</text>
	<text>
		<id>65</id>
		<name>Открыт новый персонаж!</name>
	</text>
	<text>
		<id>66</id>
		<name>В ящиках может быть что угодно, от еды до оружия.</name>
	</text>
	<text>
		<id>67</id>
		<name/>
	</text>
	<text>
		<id>68</id>
		<name>Опции</name>
	</text>
	<text>
		<id>69</id>
		<name>Джойстик</name>
	</text>
	<text>
		<id>70</id>
		<name>Язык</name>
	</text>
	<text>
		<id>71</id>
		<name>Билли «Красный»
Чтобы разблокировать: Убейте 5 зомби из любого дробовика.
На любой сложности.</name>
	</text>
	<text>
		<id>72</id>
		<name>Эмилио «Док»
Чтобы разблокировать: Остановите кровотечение 6 раз.
На любой сложности.</name>
	</text>
	<text>
		<id>73</id>
		<name>Дейв «Боксер»
Чтобы разблокировать: Убейте 10 зомби голыми руками.
На любой сложности.</name>
	</text>
	<text>
		<id>74</id>
		<name>Ли «Маньяк»
Убейте оставшегося в живых бандита любым топором. 
На уровне сложности «Опытный» или «Ветеран».</name>
	</text>
	<text>
		<id>75</id>
		<name>Сергей «Слав»
Чтобы разблокировать: Убейте 3 других выживших в течение одной жизни.
На уровне сложности «Опытный» или «Ветеран».</name>
	</text>
	<text>
		<id>76</id>
		<name>Джон «Байкер»
Чтобы разблокировать: Наденьте одновременно байкерскую куртку, мотошлем и разводной ключ. На уровне сложности «Опытный» или «Ветеран».</name>
	</text>
	<text>
		<id>77</id>
		<name>Ганзо «Дракон»
Чтобы разблокировать: Убейте 4 выживших врагов, вооруженных огнестрельным оружием. На уровне сложности «Ветеран».</name>
	</text>
	<text>
		<id>78</id>
		<name>Том «Выживший»
Чтобы разблокировать: Выживите в течение 7 дней. 
На уровне сложности «Ветеран».</name>
	</text>
	<text>
		<id>79</id>
		<name>Гарри «Ветеран»
Чтобы разблокировать: Наденьте одновременно комплект «Горка» (штаны, куртку, шлем). На уровне сложности «Ветеран».</name>
	</text>
	<text>
		<id>80</id>
		<name>Выживший 1
Начальная экипировка: джинсы, футболка.
Открытые умения: Нет</name>
	</text>
	<text>
		<id>81</id>
		<name>Выживший 2
Начальная экипировка: джинсы, футболка.
Открытые умения: Нет</name>
	</text>
	<text>
		<id>82</id>
		<name>Выживший 3
Начальная экипировка: джинсы, футболка.
Открытые умения: Нет</name>
	</text>
	<text>
		<id>83</id>
		<name>Билли «Красный»
Начальная экипировка: джинсы, футболка, бандана.
Открытые умения: Снайпер.
</name>
	</text>
	<text>
		<id>84</id>
		<name>Эмилио «Док»
Начальная экипировка: штаны медика, футболка, бинты.
Открытые умения: Красный+
</name>
	</text>
	<text>
		<id>85</id>
		<name>Дейв «Боксер»
Начальная экипировка: джинсы, футболка, тряпки.
Открытые умения: Блокировщик.
</name>
	</text>
	<text>
		<id>86</id>
		<name>Ли «Маньяк»
Начальная экипировка: джинсы, платье, противогаз, нож мясника.
Открытые умения: Милый дом
</name>
	</text>
	<text>
		<id>87</id>
		<name>Джон «Байкер»
Начальная экипировка: байкерская куртка, мотоциклетный шлем, разводной ключ. Открытые умения: Спринтер.
</name>
	</text>
	<text>
		<id>88</id>
		<name>Сергей «Слав»
Начальная экипировка: спортивные штаны, спортивная куртка, лыжная маска, бейсбольная бита. Открытые умения: Молотильщик.
</name>
	</text>
	<text>
		<id>89</id>
		<name>Ганзо «Дракон»
Начальная экипировка: охотничьи штаны, лук, 5 композитных стрел.
Открытые умения: Спринтер, Снегоход.
</name>
	</text>
	<text>
		<id>90</id>
		<name>Том «Выживший»
Начальная экипировка: джинсы, футболка, ковбойская шляпа, охотничий нож, сумка. Открытые умения: Охотник, Мастер выживания.
</name>
	</text>
	<text>
		<id>91</id>
		<name>Гарри «Ветеран»
Начальная экипировка: джинсы, футболка, кепка, пуленепробиваемый жилет, Кольт 1911, боеприпасы. Открытые умения: Снайпер, Разведчик.
</name>
	</text>
	<text>
		<id>95</id>
		<name>Нет соединения с центром воздушных поставок! Пожалуйста, восстановите подключение к Интернету.</name>
	</text>
	<text>
		<id>96</id>
		<name>Нет соединения с центром воздушных поставок!</name>
	</text>
	<text>
		<id>97</id>
		<name>Сбросить</name>
	</text>
	<text>
		<id>98</id>
		<name>Сохранить</name>
	</text>
	<text>
		<id>101</id>
		<name>24 часа</name>
	</text>
	<text>
		<id>102</id>
		<name>Мумия</name>
	</text>
	<text>
		<id>103</id>
		<name>Вампир</name>
	</text>
	<text>
		<id>104</id>
		<name>Коллекционер черных ящиков</name>
	</text>
	<text>
		<id>105</id>
		<name>Пулеметчик</name>
	</text>
	<text>
		<id>106</id>
		<name>Огнестрел</name>
	</text>
	<text>
		<id>107</id>
		<name>Нападение</name>
	</text>
	<text>
		<id>108</id>
		<name>Терминатор</name>
	</text>
	<text>
		<id>109</id>
		<name>Робин Гуд</name>
	</text>
	<text>
		<id>110</id>
		<name>Супер Парень</name>
	</text>
	<text>
		<id>111</id>
		<name>Бог выживания</name>
	</text>
	<text>
		<id>112</id>
		<name>Маньяк: Начало</name>
	</text>
	<text>
		<id>113</id>
		<name>Стрелок</name>
	</text>
	<text>
		<id>114</id>
		<name>Охотник на зомби</name>
	</text>
	<text>
		<id>115</id>
		<name>Турист</name>
	</text>
	<text>
		<id>116</id>
		<name>Прожорливый</name>
	</text>
	<text>
		<id>117</id>
		<name>Гроза багажников</name>
	</text>
	<text>
		<id>118</id>
		<name>Новый уровень</name>
	</text>
	<text>
		<id>119</id>
		<name>Стена</name>
	</text>
	<text>
		<id>120</id>
		<name>Души тьмы</name>
	</text>
	<text>
		<id>121</id>
		<name>Безжалостный убийца</name>
	</text>
	<text>
		<id>122</id>
		<name>Ниндзя</name>
	</text>
	<text>
		<id>123</id>
		<name>Фермер</name>
	</text>
	<text>
		<id>124</id>
		<name>Убежище</name>
	</text>
	<text>
		<id>125</id>
		<name>Лесоруб</name>
	</text>
	<text>
		<id>126</id>
		<name>Братан</name>
	</text>
	<text>
		<id>127</id>
		<name>Верблюд</name>
	</text>
	<text>
		<id>128</id>
		<name>Охотник на оленей</name>
	</text>

<text>
	<id>129</id>
	<name>⚔️</name>
</text>

<text>
	<id>130</id>
	<name>🚪</name>
</text>

<text>
	<id>131</id>
	<name>Всесторонняя защита</name>
</text>

<text>
	<id>132</id>
	<name>Секрет того, чтобы быть мужчиной</name>
</text>

<text>
	<id>133</id>
	<name>Ад опусташён</name>
</text>
	<text>
		<id>151</id>
		<name>Выживите 1/2/3 дня</name>
	</text>
	<text>
		<id>152</id>
		<name>Остановить кровотечение 2/4/6 раз</name>
	</text>
	<text>
		<id>153</id>
		<name>Используйте 1/2/3 пакета с кровью или физраствором</name>
	</text>
	<text>
		<id>154</id>
		<name>Найдите 1/2/3 места крушения вертолета</name>
	</text>
	<text>
		<id>155</id>
		<name>Убейте 5/15/30 зараженных из пистолета</name>
	</text>
	<text>
		<id>156</id>
		<name>Убейте 5/15/30 зараженных из дробовика</name>
	</text>
	<text>
		<id>157</id>
		<name>Убейте 5/15/30 зараженных из штурмовой винтовки или пистолета-пулемета</name>
	</text>
	<text>
		<id>158</id>
		<name>Выживите после 5/15/30 пулевых ранений</name>
	</text>
	<text>
		<id>159</id>
		<name>Убейте 5/15/30 зараженных из лука или арбалета</name>
	</text>
	<text>
		<id>160</id>
		<name>Выживите после 10/20/30 ранений от зараженных или волков</name>
	</text>
	<text>
		<id>161</id>
		<name>Изучите все умения</name>
	</text>
	<text>
		<id>162</id>
		<name>Соберите 5/10/15 ягод</name>
	</text>
	<text>
		<id>163</id>
		<name>Убейте 5/15/30 зараженных из полуавтоматической винтовки или винтовки с продольно-скользящим затвором</name>
	</text>
	<text>
		<id>164</id>
		<name>Убейте 20/40/80 зараженных</name>
	</text>
	<text>
		<id>165</id>
		<name>Посетите хотя бы один город на 1/2/3 островах (уровнях)</name>
	</text>
	<text>
		<id>166</id>
		<name>Съешьте 15/30/50 продуктов питания</name>
	</text>
	<text>
		<id>167</id>
		<name>Откройте 50/100/150 багажников</name>
	</text>
	<text>
		<id>168</id>
		<name>Найдите Nuko Cola</name>
	</text>
	<text>
		<id>169</id>
		<name>Постройте 1/2/3 баррикады или колючие проволоки</name>
	</text>
	<text>
		<id>170</id>
		<name>Разожгите 1/2/3 костра</name>
	</text>
	<text>
		<id>171</id>
		<name>Убейте 1/2/3 выживших</name>
	</text>
	<text>
		<id>172</id>
		<name>Не получайте урона на протяжении 12/24/36 игровых часов</name>
	</text>
	<text>
		<id>173</id>
		<name>Посадите 5/10/15 растений</name>
	</text>
	<text>
		<id>174</id>
		<name>Установите 1/2/3 туристические палатки</name>
	</text>
	<text>
		<id>175</id>
		<name>Срубите 3/6/10 деревьев</name>
	</text>
	<text>
		<id>176</id>
		<name>Встретьте дружелюбного выжившего</name>
	</text>
	<text>
		<id>177</id>
		<name>Выпейте 10/20/30 напитков</name>
	</text>
	<text>
		<id>178</id>
		<name>Освежуйте 1/2/3 животных</name>
	</text>
	
<text>
	<id>179</id>
	<name>???</name>
</text>

<text>
	<id>180</id>
	<name>???</name>
</text>

<text>
	<id>181</id>
	<name>Экипируйтесь полным комплектом защитной одежды и противогазом</name>
</text>

<text>
	<id>182</id>
	<name>Приготовьте человеческое мясо один раз</name>
</text>

<text>
	<id>183</id>
	<name>Убить всех типов элитных зараженных на уровне сложности "Ад".</name>
</text>

	<text>
		<id>228</id>
		<name>СТЫЧКИ</name>
	</text>
	<text>
		<id>229</id>
		<name>Вы можете биться врукопашную голыми руками или используя оружие ближнего боя.
Рукопашные схватки происходят автоматически, когда вы оказываетесь рядом с врагом. У каждого оружия есть различная вероятность причинить тройной урон или шанс заблокировать атаку противника.
</name>
	</text>
	<text>
		<id>230</id>
		<name>Если вы используете оружие дальнего боя, то прицеливание происходит автоматически. Стреляйте с помощью кнопки.
При стрельбе во время бега меткость вашего оружия падает.</name>
	</text>
	<text>
		<id>231</id>
		<name>Костер дает тепло и свет, и на нем можно готовить пищу. Костер можно использовать до трех раз после строительства.</name>
	</text>
	<text>
		<id>232</id>
		<name>Вы можете выращивать растения, которые обеспечат вас едой. Вам нужны семена, а также лопата, вилы или кирка для посадки.</name>
	</text>
	<text>
		<id>233</id>
		<name>Вам понадобятся ресурсы для создания предметов. Вы можете найти или собрать их.</name>
	</text>
	<text>
		<id>234</id>
		<name>Когда вы ранены, у вас может начаться кровотечение. Когда у вас кровотечение, вы постоянно теряете кровь и не можете восстановить здоровье. Используйте бинты или тряпки, чтобы остановить кровотечение.</name>
	</text>
	<text>
		<id>235</id>
		<name>Вы можете заболеть, если ваша температура упадет до 0% или, в редких случаях, если на вас напали зараженные. Регенерация здоровья не работает при болезни. Чтобы выздороветь, используйте тетрациклин или поддерживайте температуру, потребление еды и воды на уровне выше 75%.</name>
	</text>
	<text>
		<id>236</id>
		<name>УСЛОВИЯ</name>
	</text>
	<text>
		<id>237</id>
		<name>Холодная погода может привести к понижению температуры. Ночью, а также во время дождя и снегопада температура падает еще больше.</name>
	</text>
	<text>
		<id>238</id>
		<name>Вам нужно есть и пить, чтобы выжить. Следите за шкалой своего голода и жажды. Если они опустятся ниже 50%, то вы не сможете восстанавливать свое здоровье.</name>
	</text>
	<text>
		<id>239</id>
		<name>СТАТИСТИКА ИГРОКА: ГОЛОД/ЖАЖДА</name>
	</text>
	<text>
		<id>240</id>
		<name>МЕСТНАЯ КАРТА</name>
	</text>
	<text>
		<id>241</id>
		<name>ГЛОБАЛЬНАЯ КАРТА</name>
	</text>
	<text>
		<id>250</id>
		<name>Руководства</name>
	</text>
	<text>
		<id>251</id>
		<name>Крафтинг</name>
	</text>
	<text>
		<id>252</id>
		<name>Карта</name>
	</text>
	<text>
		<id>253</id>
		<name>СТАТИСТИКА ИГРОКА: КРОВЬ</name>
	</text>
	<text>
		<id>254</id>
		<name>Если кровь упадет до нуля, вы умрете. Вы можете потерять кровь, получив ранение в рукопашной схватке или от попадания пуль. Вы также начнете терять кровь, если ваши показатели тепла/воды/еды упадут до нуля.</name>
	</text>
	<text>
		<id>255</id>
		<name>Вы можете остановить кровотечение с помощью бинтов или тряпок (некоторые виды одежды могут быть разорваны на тряпки).</name>
	</text>
	<text>
		<id>256</id>
		<name>Используйте пакеты с кровью и физраствором для восстановления крови.</name>
	</text>
	<text>
		<id>257</id>
		<name>Если ваши показатели воды, еды и тепла поднимутся выше 50%, вы начнете регенерировать кровь.</name>
	</text>
	<text>
		<id>258</id>
		<name>СТАТИСТИКА ИГРОКА: ГОЛОД/ЖАЖДА</name>
	</text>
	<text>
		<id>259</id>
		<name>СТАТИСТИКА ИГРОКА: ТЕПЛО</name>
	</text>
	<text>
		<id>260</id>
		<name>Прячьтесь в зданиях, чтобы согреться.</name>
	</text>
	<text>
		<id>261</id>
		<name>Находите теплую одежду в хорошем состоянии, чтобы согреться.</name>
	</text>
	<text>
		<id>262</id>
		<name>Вы также можете согреться, если выпьете виски.</name>
	</text>
	<text>
		<id>263</id>
		<name>Разожгите костер, чтобы согреться.</name>
	</text>
	<text>
		<id>264</id>
		<name>Найдите и установите палатку, чтобы спрятаться внутри от дождя и немного согреться.</name>
	</text>
	<text>
		<id>265</id>
		<name>МАРОДЕРСТВО</name>
	</text>
	<text>
		<id>266</id>
		<name>Большая часть добычи находится в зданиях.</name>
	</text>
	<text>
		<id>267</id>
		<name>Добычу также можно найти в багажниках автомобилей.</name>
	</text>
	<text>
		<id>268</id>
		<name>Вы можете найти съедобные ягоды на некоторых кустах.</name>
	</text>
	<text>
		<id>269</id>
		<name>РЕСУРСЫ</name>
	</text>
	<text>
		<id>270</id>
		<name>Вы можете рубить деревья топором. Различные виды деревьев дают разные ресурсы.</name>
	</text>
	<text>
		<id>271</id>
		<name>НОЧЬ</name>
	</text>
	<text>
		<id>272</id>
		<name>Найдите налобный фонарь или очки ночного видения, чтобы освещать дорогу ночью (требуются батареи).</name>
	</text>
	<text>
		<id>273</id>
		<name>Сигнальные шашки могут осветить небольшую область на короткий период после их броска.</name>
	</text>
	<text>
		<id>274</id>
		<name>Костер также может освещать некоторую область в течение более длительного периода в ночное время.</name>
	</text>
	<text>
		<id>275</id>
		<name>ВОДЯНЫЕ НАСОСЫ</name>
	</text>
	<text>
		<id>276</id>
		<name>Водяные насосы могут содержать воду для питья. Вы можете пить из них, но имейте в виду, что вода ограничена.</name>
	</text>
	<text>
		<id>277</id>
		<name>Вы также можете использовать водяной насос, чтобы наполнить бутылки и фляги.</name>
	</text>
	<text>
		<id>278</id>
		<name>РЕМОНТ</name>
	</text>
	<text>
		<id>279</id>
		<name>Скотч улучшает долговечность некоторого снаряжения на 15%.</name>
	</text>
	<text>
		<id>280</id>
		<name>Комплект для шитья улучшает долговечность некоторого снаряжения на 50%.</name>
	</text>
	<text>
		<id>281</id>
		<name>Комплект для чистки улучшает долговечность огнестрельного оружия на 25%.</name>
	</text>
	<text>
		<id>282</id>
		<name>ОХОТА</name>
	</text>
	<text>
		<id>283</id>
		<name>Вы можете найти оленей возле воды или в лесах. Они осторожны, поэтому вам нужно оружие дальнего боя, чтобы охотиться на них.</name>
	</text>
	<text>
		<id>284</id>
		<name>Если вы застрелили оленя, вы можете освежевать его ножом, чтобы получить стейки.</name>
	</text>
	<text>
		<id>285</id>
		<name>Стейки можно приготовить на костре.</name>
	</text>
	<text>
		<id>286</id>
		<name>САМОДЕЛЬНЫЙ ЛУК</name>
	</text>
	<text>
		<id>287</id>
		<name>Ясеневая ветка + веревка = лук</name>
	</text>
	<text>
		<id>288</id>
		<name>Деревянные палки + любой нож = стрелы</name>
	</text>
	<text>
		<id>289</id>
		<name>САМОДЕЛЬНЫЕ РЮКЗАКИ</name>
	</text>
	<text>
		<id>290</id>
		<name>Веревка + мешочная ткань = самодельная сумка (3 слота)</name>
	</text>
	<text>
		<id>291</id>
		<name>Самодельная сумка + 3 деревянных палки = самодельный рюкзак (5 слотов)</name>
	</text>
	<text>
		<id>292</id>
		<name>КОСТЕР</name>
	</text>
	<text>
		<id>293</id>
		<name>Дрова + тряпки/деревянные палки/бумага = комплект для костра</name>
	</text>
	<text>
		<id>294</id>
		<name>Положит комплект для костра на землю и разожгите его спичками.</name>
	</text>
	<text>
		<id>295</id>
		<name>Карта будет доступна после обучения.</name>
	</text>
	<text>
		<id>296</id>
		<name>ЛОДКИ</name>
	</text>
	<text>
		<id>297</id>
		<name>Вы можете использовать лодки, чтобы перемещаться с одного острова на другой. Но для начала лодку нужно отремонтировать (используйте дрова или скотч).
		Вы можете посетить множество островов, но будьте осторожны! Как только вы доберетесь до другого острова, вы не сможете вернуться на предыдущий.</name>
	</text>
	<text>
		<id>298</id>
		<name>СТРОИТЕЛЬСТВО БАЗЫ</name>
	</text>
	<text>
		<id>299</id>
		<name>Вы можете устанавливать туристические палатки и использовать их для согрева и хранения предметов. Предметы хранятся в них постоянно.</name>
	</text>
	<text>
		<id>300</id>
		<name>Возведенные заграждения и колючая проволока могут замедлить врагов в случае их нападения.</name>
	</text>
	<text>
		<id>301</id>
		<name>Уничтожено</name>
	</text>
	<text>
		<id>302</id>
		<name>Извлечь</name>
	</text>
	<text>
		<id>303</id>
		<name>Порвать на тряпки</name>
	</text>
	<text>
		<id>304</id>
		<name>Переключить</name>
	</text>
	<text>
		<id>305</id>
		<name>Установить</name>
	</text>
	<text>
		<id>306</id>
		<name>Сложить</name>
	</text>
	<text>
		<id>307</id>
		<name>Зарядить основное оружие</name>
	</text>
	<text>
		<id>308</id>
		<name>Сделать сумку</name>
	</text>
	<text>
		<id>309</id>
		<name>Сделать лук</name>
	</text>
	<text>
		<id>310</id>
		<name>Сделать стрелы</name>
	</text>
	<text>
		<id>311</id>
		<name>Сделать комплект для костра</name>
	</text>
	<text>
		<id>312</id>
		<name>Почистить</name>
	</text>
	<text>
		<id>313</id>
		<name>Взять как оружие</name>
	</text>
	<text>
		<id>314</id>
		<name>Убрать нож</name>
	</text>
	<text>
		<id>315</id>
		<name>Залатать</name>
	</text>
	<text>
		<id>316</id>
		<name>Прикрепить аккумулятор</name>
	</text>
	<text>
		<id>317</id>
		<name>Сделать рюкзак</name>
	</text>
	<text>
		<id>318</id>
		<name>Съесть</name>
	</text>
	<text>
		<id>319</id>
		<name>Выпить</name>
	</text>
	<text>
		<id>320</id>
		<name>Посадить</name>
	</text>
	<text>
		<id>321</id>
		<name>Освежевать</name>
	</text>
	<text>
		<id>322</id>
		<name>Наполнить водой</name>
	</text>
	<text>
		<id>323</id>
		<name>Приготовить стейк</name>
	</text>
	<text>
		<id>324</id>
		<name>Использовать грелку</name>
	</text>
	<text>
		<id>325</id>
		<name>Перевязаться</name>
	</text>
	<text>
		<id>326</id>
		<name>Перелить</name>
	</text>
	<text>
		<id>327</id>
		<name>Поджечь и бросить</name>
	</text>
	<text>
		<id>328</id>
		<name>Бросить гранату</name>
	</text>
	<text>
		<id>329</id>
		<name>Разжечь костер</name>
	</text>
	<text>
		<id>330</id>
		<name>Перелить</name>
	</text>
	<text>
		<id>331</id>
		<name>Разделить</name>
	</text>
	<text>
		<id>332</id>
		<name>Применить</name>
	</text>
	<text>
		<id>333</id>
		<name>Съесть витамины</name>
	</text>
	<text>
		<id>334</id>
		<name>Построить забор</name>
	</text>
	<text>
		<id>335</id>
		<name>Зажечь</name>
	</text>
	<text>
		<id>336</id>
		<name>Крит</name>
	</text>
	<text>
		<id>337</id>
		<name>ОП</name>
	</text>
	<text>
		<id>338</id>
		<name>Сканировать участок</name>
	</text>
	<text>
		<id>339</id>
		<name>Зарядить в пистолет</name>
	</text>
	<text>
		<id>400</id>
		<name>Снайпер
Ур. 1: Увеличивает шанс поподания в голову из оружия дальнего боя на 10%.
Ур. 2: Увеличивает урон от попаданий в голову на 30%.</name>
	</text>
	<text>
		<id>401</id>
		<name>Разведчик
Ур. 1: Вы можете обнаруживать других людей с большего расстояния.
Ур. 2: Вы можете определять враждебность других людей с большего расстояния.</name>
	</text>
	<text>
		<id>402</id>
		<name>Спринтер
Ур. 1: Скорость бега увеличивается на 5%.
Ур. 2: Скорость бега увеличивается на 10%.</name>
	</text>
	<text>
		<id>403</id>
		<name>Верблюд
Ур. 1: Наступление жажды замедляется на 10%.
Ур. 2: Все напитки в банках дают дополнительно +10 воды при использовании.
</name>
	</text>
	<text>
		<id>404</id>
		<name>Хомяк
Ур. 1: Наступление голод замедляется на 10%.
Ур. 2: Вся консервированная еда даёт дополнительно +10 еды при использовании.
</name>
	</text>
	<text>
		<id>405</id>
		<name>Снеговик
Ур. 1: Дождь и снегопад снижают тепло в два раза медленнее.
Ур. 2: Постоянный бонус +2 к теплу.</name>
	</text>
	<text>
		<id>406</id>
		<name>Свинцовый фермер
Ур. 1: Всё найденное оружие дальнего боя будет содержать патроны.
Ур. 2: Каждый найденный вами боекомплект содержит на 5 патрона больше.</name>
	</text>
	<text>
		<id>407</id>
		<name>Мастер выживания
Ур. 1: Скорость регенерации удваивается, если ваша кровь падает ниже 50%.
Ур. 2: +10% к скорости бега если уровень крови опускается ниже 20%.
</name>
	</text>
	<text>
		<id>408</id>
		<name>Блокировщик
Ур. 1: Увеличивает шанс блокирования атаки противника в ближнем бою на 5%.
Ур. 2: Увеличивает шанс блокирования атаки противника в ближнем бою на 15%.
</name>
	</text>
	<text>
		<id>409</id>
		<name>Молотильщик
Ур. 1: Увеличивает шанс нанесения критического урона в ближнем бою на 10%.
Ур. 2: Увеличивает урон от критических атак на 30%.</name>
	</text>
	<text>
		<id>410</id>
		<name>Расхититель багажников
Ур. 1: Увеличивает шанс найти добычу в багажниках машин на 20%.
Ур. 2: Даёт 10% шанс найти сразу 2 предмета в одном багажнике.</name>
	</text>
	<text>
		<id>411</id>
		<name>Охотник
Ур. 1: Меньше вероятность, что животные заметят вас.
Ур. 2: Даёт 50% шанс получить дополнительный стейк при свежевании животных.</name>
	</text>
	<text>
		<id>412</id>
		<name>Милый дом
Ур. 1: Пребывание внутри зданий дает на 50% больше тепла.
Ур. 2: Во время сна скорость жажды и голода замедляется на 30%.
</name>
	</text>
	<text>
		<id>413</id>
		<name>Красный+
Ур. 1: Снижает кровопотерю от кровотечений в два раза.
Ур. 2: Кровотечение останавливается в два раза быстрее.</name>
	</text>

<text>
	<id>414</id>
	<name>Бдительность
Ур. 1: Вы можете лучше разглядеть замаскировавшихся врагов.
Ур. 2: Вы немного лучше видите ночью.</name>
</text>

<text>
	<id>415</id>
	<name>Агроном
Ур. 1: 50% шанс найти больше диких ягод с кустов.
Ур. 2: 50% шанс найти больше плодов на посаженных вами растениях.</name>
</text>

	<text>
		<id>451</id>
		<name>Отремонтируйте эту лодку с помощью дров, чтобы двигаться дальше. Срубите любое дерево топором, чтобы получить дрова.</name>
	</text>
	<text>
		<id>452</id>
		<name>Эй! Это похоже на добычу! Подойдите поближе, чтобы подобрать.</name>
	</text>
	<text>
		<id>453</id>
		<name>Здесь вы можете рассмотреть все предметы, которые вы подобрали.</name>
	</text>
	<text>
		<id>454</id>
		<name>Это слот вашего кармана. Он всегда доступен, даже если у вас нет другого снаряжения. Используйте предметы, касаясь их.</name>
	</text>
	<text>
		<id>455</id>
		<name>Добро пожаловать, выживший. Вы оказались заблокированным на небольшом острове. Ваш единственный шанс добраться до другого – найти лодку.</name>
	</text>
	<text>
		<id>456</id>
		<name>Передвижение касанием/проведением пальца</name>
	</text>
	<text>
		<id>457</id>
		<name>Передвижение с помощью джойстика</name>
	</text>
	<text>
		<id>458</id>
		<name>Выберите режим управления движением. Вы можете переключаться между ними в любое время.</name>
	</text>
	<text>
		<id>459</id>
		<name>Пока вы продолжаете выживать и убивать врагов, вы получаете очки опыта (ОП), которые позволяют разблокировать умения.</name>
	</text>
	<text>
		<id>460</id>
		<name>Выберите одно из умений и коснитесь кнопки «плюс». Оно всегда будет активно, пока ваш персонаж не умрет.</name>
	</text>
	<text>
		<id>461</id>
		<name>Используйте кнопку взаимодействия, чтобы подбирать предметы и взаимодействовать с окружением.</name>
	</text>
	<text>
		<id>462</id>
		<name>Теперь у вас есть оружие дальнего боя, поэтому прицеливание будет выполняться автоматически. Используйте эту кнопку для стрельбы.</name>
	</text>
	<text>
		<id>463</id>
		<name>Вы можете перезарядить свое оружие, нажав эту кнопку. Если у вас есть подходящие боеприпасы, то они будут использованы.</name>
	</text>
	<text>
		<id>464</id>
		<name>Переключайтесь между режимами ближнего и дальнего боя.</name>
	</text>
	<text>
		<id>465</id>
		<name>Похоже, у вас кровотечение. Найдите бинт или разорвите свою футболку на тряпки.</name>
	</text>
	<text>
		<id>466</id>
		<name>Ваш уровень крови упал до нуля. К счастью для вас это всего лишь обучение, поэтому ваше здоровье сейчас восстановится. Продолжайте.</name>
	</text>
	<text>
		<id>467</id>
		<name>Используйте перетаскивание, чтобы управлять предметами в инвентаре.</name>
	</text>
	<text>
		<id>468</id>
		<name>Смотри-ка, огнестрельное оружие. Обычно его можно найти на военных объектах.</name>
	</text>
	<text>
		<id>469</id>
		<name>Впереди зараженный! Атакуйте его, подойдя поближе. Схватка начнется автоматически.</name>
	</text>
	<text>
		<id>470</id>
		<name>Волки! Тише! Волки очень опасны, особенно в стаях.</name>
	</text>
	<text>
		<id>471</id>
		<name>Водяной насос. Вы можете пить из него, а также наполнять свою флягу или бутылку водой.</name>
	</text>
	<text>
		<id>472</id>
		<name>Заброшенная машина. Вы можете поискать добычу в багажнике. Для этого вам нужно подойти поближе к машине.</name>
	</text>
	<text>
		<id>473</id>
		<name>Вы можете охотиться на оленей и освежевывать их туши ножом, чтобы получать мясо.</name>
	</text>
	<text>
		<id>474</id>
		<name>Вы можете охотиться на кроликов и освежевывать их туши ножом, чтобы получать мясо.</name>
	</text>
	<text>
		<id>475</id>
		<name>Вы можете собрать ягоды с некоторых кустов. Просто осмотритесь по сторонам.</name>
	</text>
	<text>
		<id>500</id>
		<name>English</name>
	</text>
	<text>
		<id>501</id>
		<name>Français</name>
	</text>
	<text>
		<id>502</id>
		<name>Italiano</name>
	</text>
	<text>
		<id>503</id>
		<name>Deutsch</name>
	</text>
	<text>
		<id>504</id>
		<name>Español</name>
	</text>
	<text>
		<id>505</id>
		<name>Русский</name>
	</text>
<text>
	<id>506</id>
	<name>Čeština</name>
</text>
<text>
	<id>507</id>
	<name>Português(BR)</name>
</text>
<text>
	<id>508</id>
	<name>简体中文</name>
</text>
<text>
	<id>509</id>
	<name>繁體中文</name>
</text>
<text>
	<id>530</id>
	<name>Чтобы разблокировать достижения, вы должны сыграть целую сессию, пока ваш персонаж не умрет. Есть 3 уровня: бронза для новичков, серебро для опытных игроков и золото для ветеранов. Вы можете разблокировать нижние уровни, если вы выберите более высокий уровень сложности, но не наоборот. Более высокие уровни также труднее разблокировать.</name>
</text>
<text>
	<id>531</id>
	<name>Статистика</name>
</text>
<text>
	<id>532</id>
	<name>Умения</name>
</text>
<text>
	<id>533</id>
	<name>Очки</name>
</text>
<text>
	<id>534</id>
	<name>Опции</name>
</text>
<text>
	<id>535</id>
	<name>Списки лидеров</name>
</text>
<text>
	<id>536</id>
	<name>Нужно очков:</name>
</text>
<text>
	<id>537</id>
	<name>Выйти</name>
</text>
<text>
	<id>538</id>
	<name>Медленное Интернет-соединение!</name>
</text>
<text>
	<id>539</id>
	<name>Отмена</name>
</text>
<text>
	<id>540</id>
	<name>Вы уверены, что хотите выйти из игры? Вы потеряете весь прогресс в обучении.</name>
</text>
<text>
	<id>541</id>
	<name>Вы уверены, что хотите выйти из игры? Ваша игра будет сохранена.</name>
</text>
<text>
	<id>542</id>
	<name>Вы умерли</name>
</text>
<!--1.2.0 Content-->

<text>
	<id>340</id>
	<name>Установить</name>
</text>

<text>
	<id>341</id>
	<name>Снять</name>
</text>

<text>
	<id>342</id>
	<name>Прицел</name>
</text>

<text>
	<id>343</id>
	<name>Глушитель</name>
</text>

<text>
	<id>344</id>
	<name>Патронташ</name>
</text>

<text>
	<id>345</id>
	<name>Сделать обрез</name>
</text>

<text>
	<id>346</id>
	<name>Сделать обрез</name>
</text>

<text>
	<id>347</id>
	<name>Тепло </name>
</text>

<text>
	<id>348</id>
	<name>Броня </name>
</text>

<text>
	<id>349</id>
	<name>Вы можете заправить эту лодку с помощью имеющейся у вас канистры с бензином.</name>
</text>

<text>
	<id>350</id>
	<name>Заправить</name>
</text>

<text>
	<id>351</id>
	<name>Вам нужна канистра с бензином, чтобы заправить эту лодку.</name>
</text>

<text>
	<id>352</id>
	<name>Войти в этот бункер? Вы сможете вернуться назад.</name>
</text>

<text>
	<id>353</id>
	<name>Покинуть этот бункер? Вы сможете вернуться в него позже.</name>
</text>

<text>
	<id>354</id>
	<name>Доставка снабжения недоступна под землей.</name>
</text>

<text>
	<id>355</id>
	<name>Вы без сознания.</name>
</text>

<text>
	<id>356</id>
	<name>Посмотрите рекламу, чтобы очнуться.</name>
</text>

<text>
	<id>357</id>
	<name>Бункер недоступен, попробуйте позже.</name>
</text>

<text>
	<id>358</id>
	<name>WIKI</name>
</text>

<text>
	<id>359</id>
	<name>Вы вот-вот умрете. Единственный шанс продолжить игру – использовать адреналин, после просмотра рекламного видео.</name>
</text>

<text>
	<id>360</id>
	<name>Для продолжения необходимо подключение к Интернету.</name>
</text>

<text>
	<id>361</id>
	<name>Применить</name>
</text>

<text>
	<id>362</id>
	<name>Не надо</name>
</text>

<!--PAD-->

<text>
	<id>242</id>
	<name>Крепления</name>
</text>

<text>
	<id>243</id>
	<name>Патронташ – увеличивает скорость перезарядки на 30%</name>
</text>

<text>
	<id>244</id>
	<name>Коллиматорный прицел RDS – немного уменьшает разброс</name>
</text>

<text>
	<id>245</id>
	<name>Оптические прицелы - уменьшают разброс, +10% шанс попасть в голову</name>
</text>

<text>
	<id>246</id>
	<name>Скрывает дульное пламя и заглушает шум выстрела.</name>
</text>

<!--1.3.0 Content-->

<text>
	<id>363</id>
	<name>Ремонтировать</name>
</text>

<text>
	<id>92</id>
	<name>Кейт «Турист»
Начальная экипировка: джинсы, дождевик, туристическая палатка, налобный фонарь.
Открытые умения: Охотник, Ночной хищник.</name>
</text>

<text>
	<id>93</id>
	<name>Жасмин «Лесоруб»
Начальная экипировка: охотничьи штаны, футболка, берет, топорик, скотч.
Открытые умения: Хомяк, Верблюд, Снеговик.</name>
</text>

<text>
	<id>94</id>
	<name>Айка «Стрингер»
Начальная экипировка: джинсы, футболка, кепка, бронежилет для прессы, фляга, рация.
Открытые умения: Спринтер, Разведчик.</name>
</text>

<text>
	<id>140</id>
	<name>Кейт «Турист»
Чтобы разблокировать: Найдите два рабочих автомобиля на 4-м острове или дальше.
На уровне сложности «Ветеран».
</name>
</text>

<text>
	<id>141</id>
	<name>Жасмин «Лесоруб»
Чтобы разблокировать: Понизьте уровень кармы до -100, а затем поднимите ее до +100 в течение одной жизни.
На уровне сложности «Ветеран».
</name>
</text>

<text>
	<id>142</id>
	<name>Айка «Стрингер»
Чтобы разблокировать: Выполните задания от 3 других выживших в течение одной жизни.
На уровне сложности «Ветеран».
</name>
</text>

<text>
	<id>138</id>
	<name>Завершено</name>
</text>

<text>
	<id>139</id>
	<name>Задания</name>
</text>

<text>
	<id>364</id>
	<name>Привет! Наша группа ищет следующие предметы: </name>
</text>

<text>
	<id>365</id>
	<name>В качестве вознаграждения ты получишь: </name>
</text>

<text>
	<id>366</id>
	<name>Большое спасибо! А вот координаты, где ты сможешь найти вознаграждение.</name>
</text>

<text>
	<id>367</id>
	<name>На данный момент заданий нет.</name>
</text>

<text>
	<id>368</id>
	<name>Координаты рабочего автомобиля.</name>
</text>

<text>
	<id>369</id>
	<name>Координаты входа в подземный бункер.</name>
</text>

<text>
	<id>370</id>
	<name>Координаты интересного места.</name>
</text>

<text>
	<id>371</id>
	<name>Группа выживших ищет этот предмет:</name>
</text>

<text>
	<id>372</id>
	<name>Привет! Нам нужна помощь! Бандиты разбили лагерь недалеко отсюда. Избавься от них, и мы не останемся в долгу.
</name>
</text>

<text>
	<id>373</id>
	<name>Ты нашел то, что мы искали?
</name>
</text>

<text>
	<id>374</id>
	<name>Карма</name>
</text>

<text>
	<id>375</id>
	<name>Открыть</name>
</text>

<text>
	<id>376</id>
	<name>Координаты лодки на восточном побережье.</name>
</text>

<text>
	<id>377</id>
	<name>Привет! На нас напали, и мы потеряли ящик с добычей. Если ты его нам вернешь, то мы в долгу не останемся.
</name>
</text>

<text>
	<id>378</id>
	<name>Сначала разберись с бандитами, а потом поговорим.
</name>
</text>

<text>
	<id>379</id>
	<name>Вы нашли наш ящик с добычей?</name>
</text>

<text>
	<id>380</id>
	<name>Большое спасибо! Вот координаты места, где вы найдете вознаграждение.</name>
</text>

<text>
	<id>381</id>
	<name>Вознаграждение за это задание:</name>
</text>

<text>
	<id>382</id>
	<name>Группа выживших потеряла ящик со своей добычей. Я могу найти его и вернуть его им, либо я могу вскрыть его и забрать содержимое себе.</name>
</text>

<text>
	<id>383</id>
	<name>Группа выживших попросила меня разобраться с бандитами.</name>
</text>

<text>
	<id>384</id>
	<name>Осталось времени: </name>
</text>

<text>
	<id>385</id>
	<name>Прожито дней</name>
</text>

<text>
	<id>386</id>
	<name>Бандиты ликвидированы. Мне нужно вернуться к выжившим за своим вознаграждением.
</name>
</text>

<text>
	<id>387</id>
	<name>Текущее задание провлено.
</name>
</text>

<text>
	<id>388</id>
	<name>Ловить рыбу</name>
</text>

<text>
	<id>389</id>
	<name>Смастерить удочку</name>
</text>

<text>
	<id>390</id>
	<name>Контент</name>
</text>

<text>
	<id>391</id>
	<name>Оружие</name>
</text>

<text>
	<id>392</id>
	<name>MAC-10
Чтобы разблокировать: Убейте в общей сложности 100 зараженных из любых пистолетов.
На уровне сложности «Опытный» или «Ветеран».
Текущий прогресс:</name>
</text>

<text>
	<id>393</id>
	<name>Сайга-12К
Чтобы разблокировать: Убейте в общей сложности 150 зараженных из любых дробовиков.
На уровне сложности «Опытный» или «Ветеран».
Текущий прогресс:</name>
</text>

<text>
	<id>394</id>
	<name>AUG
Чтобы разблокировать: Убейте в общей сложности 200 зараженных из любых автоматов или пистолетов-пулемётов.
На уровне сложности «Опытный» или «Ветеран».
Текущее прогресс:</name>
</text>

<text>
	<id>395</id>
	<name>MAC-10
Разблокировано.
Где найти: Оружейные магазины, места крушения техники НАТО, подземные бункеры.
</name>
</text>

<text>
	<id>396</id>
	<name>Сайга-12К
Разблокировано. 
Где найти: Оружейные магазины, подземные бункеры, военные базы.
</name>
</text>

<text>
	<id>397</id>
	<name>AUG
Разблокировано.
Где найти: Места крушения техники НАТО, подземные бункеры, военные базы.
</name>
</text>

<text>
	<id>398</id>
	<name>Открыто новое оружие!</name>
</text>

<!--1.4.0 Content-->

<text>
	<id>416</id>
	<name>ВСС 
Чтобы разблокировать: Найдите 6 сбитых вертолетов в течение одной жизни.
На уровне сложности «Ветеран».
Текущее состояние:</name>
</text>

<text>
	<id>417</id>
	<name>ВСС 
Разблокировано.
Где найти: Подземные бункеры, военные базы восточного блока.
</name>
</text>

<text>
	<id>418</id>
	<name>СВ-98
Чтобы разблокировать: убить 200 зараженных выстрелами в голову из винтовок
(винтовка Мосина, СКС, СВД, Репитер).
На уровне сложности «Ветеран».
Текущее состояние:</name>
</text>

<text>
	<id>419</id>
	<name>СВ-98
Разблокировано.
Где найти: Подземные бункеры.
</name>
</text>

<text>
	<id>420</id>
	<name>Гранатомет MGL
Требования к разблокировке: Убейте “Танк” 3 раза взрывчаткой
На ”Легендарном" уровне сложности
Текущий прогресс:</name>
</text>

<text>
	<id>421</id>
	<name>Гранатомет MGL
Разблокирован
Место появления: Бункер</name>
</text>

<text>
	<id>422</id>
	<name>Нажмите эту кнопку, когда будете готовы к следующей волне</name>
</text>

<text>
	<id>423</id>
	<name>Инфицированный человек находится рядом!</name>
</text>

<text>
	<id>424</id>
	<name>Территория расчищена, и вот-вот будут доставлены припасы</name>
</text>

<text>
	<id>425</id>
	<name>Рождественский контент-пакет</name>
</text>

<text>
	<id>426</id>
	<name>Пакет контента для Хэллоуина</name>
</text>

<text>
	<id>427</id>
	<name>Расширенный функциональный пакет</name>
</text>

<text>
	<id>428</id>
	<name>•Новые праздничные зомби появятся в снежные дни
•Новинки моды - рождественские головные уборы
• Новинка -Рождественская коробка для штор</name>
</text>

<text>
	<id>429</id>
	<name>•Оставайтесь с нами...</name>
</text>

<text>
	<id>430</id>
	<name>•Содержит ряд расширенных функций</name>
</text>

<text>
	<id>431</id>
	<name>Функционально-эквивалентный обмен
Позволяет изменять некоторые элементы одного
 и того же типа туда и обратно</name>
</text>

<text>
	<id>432</id>
	<name>Функция -Сохранение материала
Дополнительная вместимость +6
Разрешается перенести его содержимое в следующую игру
сохраненный:</name>
</text>

<text>
	<id>433</id>
	<name>Функция-режим построения
Позволяет безоговорочно хранить все развертываемые сборки</name>
</text>

<text>
	<id>434</id>
	<name>Функция-Хранилище впечатлений
Позволяют использовать накопленный опыт для обмена материалами</name>
</text>

<!--以下娱乐模式-->

<text>
	<id>435</id>
	<name>•Оружие, снаряжение и транспортные средства не будут повреждены
• (Опыт выживания может быть уменьшен после открытия)</name>
</text>

<text>
	<id>436</id>
	<name>•Неограниченное количество предметов</name>
</text>

<text>
	<id>437</id>
	<name>•Лимит жизни увеличен вдвое
•Удваивайте верхний предел насыщения и влажности</name>
</text>

<text>
	<id>438</id>
	<name>•Воскрешенный на Западном побережье после смерти</name>
</text>

<text>
	<id>439</id>
	<name>•Скрытые биологические полоски крови
• Число инфицированных людей значительно возросло</name>
</text>

<text>
	<id>440</id>
	<name>•Инфицированные люди будут становиться сильнее с каждым днем и достигнут верхнего предела через 30 дней
• (У элитных инфицированных людей объем крови больше не увеличится)</name>
</text>

<text>
	<id>441</id>
	<name>•Я чувствую усталость, если не сплю по ночам
•Кровавая луна появляется каждые 7 дней
•Будет воспринято всеми инфицированными людьми во время кровавой луны.</name>
</text>

<text>
	<id>442</id>
	<name>•Неигровые персонажи с автоматическим оружием будут стрелять непрерывно</name>
</text>

<text>
	<id>443</id>
	<name>Достижения не могут быть разблокированы в специальных режимах</name>
</text>

<!--以上娱乐模式-->

<text>
	<id>444</id>
	<name>Выжить</name>
</text>

<text>
	<id>445</id>
	<name>Специальный</name>
</text>

<text>
	<id>446</id>
	<name>Начало</name>
</text>

<text>
	<id>447</id>
	<name>Волна</name>
</text>

<!--1.7-->

<text>
	<id>448</id>
	<name>Вытащить всё</name>
</text>

<text>
	<id>449</id>
	<name>Снять задний ремень.</name>
</text>

<text>
	<id>450</id>
	<name>Расколоть</name>
</text>

<text>
	<id>451</id>
	<name>В рюкзак</name>
</text>

<text>
	<id>452</id>
	<name>Подкладка</name>
</text>

<text>
	<id>453</id>
	<name>Снять подкладку.</name>
</text>

<text>
	<id>454</id>
	<name>Запустить</name>
</text>

<text>
	<id>455</id>
	<name>Отключить</name>
</text>

<text>
	<id>456</id>
	<name>Залить Бенз</name>
</text>

<text>
	<id>457</id>
	<name>Заправка Бензином</name>
</text>

<text>
	<id>458</id>
	<name>“Бесконечная прочность”</name>
</text>

<text>
	<id>459</id>
	<name>Надеть обувь</name>
</text>

<text>
	<id>460</id>
	<name>Подвесить оружие</name>
</text>

<text>
	<id>461</id>
	<name>Закрепить ближний бой</name>
</text>

<text>
	<id>462</id>
	<name>Положить в рюкзак</name>
</text>

<text>
	<id>463</id>
	<name>Достать одежду.</name>
</text>

<text>
	<id>464</id>
	<name>Вытащить штаны.</name>
</text>

<text>
	<id>465</id>
	<name>Заполнить</name>
</text>

<text>
	<id>466</id>
	<name>Изготовить бейсбольную биты из проволоки</name>
</text>

<text>
	<id>467</id>
	<name>Спрятать кинжал</name>
</text>

<text>
	<id>468</id>
	<name>“Спрятать собаку”</name>
</text>

<text>
	<id>469</id>
	<name>Подвесить гранату</name>
</text>

<text>
	<id>470</id>
	<name>Вытащить гранату</name>
</text>

<text>
	<id>471</id>
	<name>Подвесить дымовую шашку</name>
</text>

<text>
	<id>472</id>
	<name>Вытащить дымовую шашку</name>
</text>

<text>
	<id>473</id>
	<name>"Обычная карта"</name>
</text>

<text>
	<id>474</id>
	<name>Прозрачная</name>
</text>

<text>
	<id>475</id>
	<name>"Цвет АВТО"</name>
</text>

<text>
	<id>476</id>
	<name>"Основной цвет АВТО"</name>
</text>

<text>
	<id>477</id>
	<name>Снять барабан</name>
</text>

<text>
	<id>478</id>
	<name>Изменить цвет</name>
</text>

<text>
	<id>479</id>
	<name>Основной цвет</name>
</text>

<text>
	<id>480</id>
	<name>Переключить</name>
</text>

<text>
	<id>481</id>
	<name>Убрать огород</name>
</text>

<text>
	<id>482</id>
	<name>Чёрный цвет</name>
</text>

<text>
	<id>483</id>
	<name>Изменить стиль карты</name>
</text>

<text>
	<id>484</id>
	<name>Место. эвакуации</name>
</text>

<text>
	<id>485</id>
	<name>Место. Авто</name>
</text>

<text>
	<id>486</id>
	<name>"Место. Бункера"</name>
</text>

<text>
	<id>487</id>
	<name>"Расположение острова"</name>
</text>

<text>
	<id>488</id>
	<name>Переключить фонарик</name>
</text>

<text>
	<id>489</id>
	<name>Установить фонарик</name>
</text>

<text>
	<id>490</id>
	<name>Установить Night Vision</name>
</text>

<text>
	<id>491</id>
	<name>Убрать фонарик</name>
</text>

<text>
	<id>492</id>
	<name>Повесить на грудь</name>
</text>

<text>
	<id>493</id>
	<name>Выкопать могилу</name>
</text>

<text>
	<id>494</id>
	<name>Распахать землю</name>
</text>

<text>
	<id>495</id>
	<name>Модернизация Машины</name>
</text>

<text>
	<id>496</id>
	<name>Установить генератор</name>
</text>

<text>
	<id>497</id>
	<name>Поставить Лампу</name>
</text>

<text>
	<id>498</id>
	<name>Толстовка</name>
</text>

<text>
	<id>499</id>
	<name>Оборудование для разделки</name>
</text>

<text>
	<id>500</id>
	<name>Набор рыцаря</name>
</text>

<text>
	<id>501</id>
	<name>Закрыть</name>
</text>

<text>
	<id>502</id>
	<name>Изготовление гранат</name>
</text>

<text>
	<id>503</id>
	<name>Кейс</name>
</text>

<text>
	<id>504</id>
	<name>Искатель секреток</name>
</text>

<text>
	<id>505</id>
	<name>Строительство</name>
</text>

<text>
	<id>506</id>
	<name>"Кровавая катастрофа"</name>
</text>

<text>
	<id>507</id>
	<name>"Преисподняя"</name>
</text>

<text>
	<id>508</id>
	<name>Вылечить товарища по команде</name>
</text>

<text>
	<id>509</id>
	<name>Построить металлический забор</name>
</text>

<text>
	<id>510</id>
	<name>Режим непрерывной стрельбы</name>
</text>

<text>
	<id>511</id>
	<name>Автоматический режим</name>
</text>

<text>
	<id>512</id>
	<name>...</name>
</text>

<text>
	<id>513</id>
	<name>Переработка</name>
</text>

<text>
	<id>514</id>
	<name>Зарядить</name>
</text>

<text>
	<id>515</id>
	<name>Сорвать</name>
</text>

<text>
	<id>516</id>
	<name>Снять аксессуары</name>
</text>

<text>
	<id>517</id>
	<name>Жареное яйцо</name>
</text>

<text>
	<id>518</id>
	<name>Жареное мясо с перцем</name>
</text>

<text>
	<id>519</id>
	<name>Яичница с помидорами</name>
</text>

<text>
	<id>520</id>
	<name>Упрощенный китайский</name>
</text>

	<text>
		<id>521</id>
		<name>Французский</name>
	</text>
	<text>
		<id>522</id>
		<name>Итальянский</name>
	</text>
	<text>
		<id>523</id>
		<name>Немецкий</name>
	</text>
	<text>
		<id>524</id>
		<name>Испанский</name>
	</text>
	<text>
		<id>525</id>
		<name>Русский</name>
	</text>

	<text>
		<id>526</id>
		<name>Чешский</name>
	</text>
	<text>
		<id>527</id>
		<name>Португальский</name>
	</text>
<text>
	<id>528</id>
	<name>Упрощенный китайский</name>
</text>
<text>
	<id>529</id>
	<name>Традиционный китайский</name>
</text>

<text>
	<id>530</id>
	<name>Чтобы получить достижение, необходимо выполнить условия за одну жизнь. 
Достижения бывают трёх уровней: бронзовый, серебряный и золотой. 
На более высоких уровнях сложности можно получить достижения более высокого уровня.
</name>
</text>

<text>
	<id>531</id>
	<name>Статистика</name>
</text>

<text>
	<id>532</id>
	<name>Навык</name>
</text>

<text>
	<id>533</id>
	<name>Счёт</name>
</text>

<text>
	<id>534</id>
	<name>Параметры</name>
</text>

<text>
	<id>535</id>
	<name>Рейтинговый список</name>
</text>

<text>
	<id>536</id>
	<name>Требуемый балл:</name>
</text>

<text>
	<id>537</id>
	<name>Покинуть</name>
</text>

<text>
	<id>538</id>
	<name>Медленное интернет-соединение!</name>
</text>

<text>
	<id>539</id>
	<name>Отмена</name>
</text>

<text>
	<id>540</id>
	<name>Вы уверены, что хотите выйти из игры? Прогресс обучения не будет сохранён.</name>
</text>

<text>
	<id>541</id>
	<name>Вы уверены, что хотите выйти из игры? Ваш игровой прогресс будет сохранён.</name>
</text>

<text>
	<id>542</id>
	<name>Ты мертв</name>
</text>

<text>
	<id>543</id>
	<name>Возвращение в силе</name>
</text>

<text>
	<id>544</id>
	<name>Размещение палаток</name>
</text>

<text>
	<id>545</id>
	<name>Размещение колюч. проволоки</name>
</text>

<text>
	<id>546</id>
	<name>Размещение мин</name>
</text>

<text>
	<id>547</id>
	<name>Размещение противопихотных мин</name>
</text>

<text>
	<id>548</id>
	<name>Размещение укрытий</name>
</text>

<text>
	<id>549</id>
	<name>Размещение заборов</name>
</text>

<text>
	<id>550</id>
	<name>Размещение металл заборов</name>
</text>

<text>
	<id>551</id>
	<name>Размещение генераторов</name>
</text>

<text>
	<id>552</id>
	<name>Размещение прожекторов</name>
</text>

<text>
	<id>553</id>
	<name>Размещение кроватей</name>
</text>

<text>
	<id>554</id>
	<name>В мешок</name>
</text>

<text>
	<id>601</id>
	<name>кролик
Обыкновенный заяц, который убегает от любой приближающейся цели на очень высокой скорости.
HP: 5</name>
</text>

<text>
	<id>602</id>
	<name>Олень
Обычный дикий олень, настороженно относящийся ко всем окружающим существам.
Здоровье: 80</name>
</text>

<text>
	<id>603</id>
	<name>Альбинос-олень
Чрезвычайно редкий олень-альбинос, его белоснежная шерсть словно сливается со снегом.
Здоровье: 80</name>
</text>

<text>
	<id>604</id>
	<name>волк
Опасные существа в дикой природе часто передвигаются группами.
HP: 50</name>
</text>

<text>
	<id>605</id>
	<name>Курица
 Когда-то домашние животные, сегодня их всё ещё можно увидеть на фермах.
 Здоровье: 5</name>
</text>

<text>
	<id>606</id>
	<name>Собака
 самый надёжный друг, который может оказать тебе большую помощь.  
Здоровье: 0</name>
</text>

<text>
	<id>607</id>
	<name>Заражённый.
Обычный человек, не сумевший избежать участи быть поражённым в момент апокалипсиса, теперь пытается разорвать на части каждое живое существо, которое видит.
Здоровье: 60
Особые способности: Отсутствуют.</name>
</text>

<text>
	<id>608</id>
	<name>Вирус усилил его способность ползать, наделяя его более высокой скоростью передвижения по сравнению с обычными инфицированными. 
Здоровье: 80. 
Специальные способности: более высокая скорость передвижения.</name>
</text>

<text>
	<id>609</id>
	<name>Затаившийся
 Он не так активно ищет цели, как другие зараженные, вместо этого он прячется, чтобы нанести смертельный удар неосторожным прохожим. 
Здоровье: 60  
Специальная способность: Прячется для засады</name>
</text>

<text>
	<id>610</id>
	<name>Заражённый солдат
Заражённый солдат, обладающий более крепким телом, чем обычный заражённый.
Здоровье: 100
Особые способности: Отсутствуют.</name>
</text>

<text>
	<id>611</id>
	<name>Жёлтый защитный инфекционный агент
 Очень отвратительный инфекционный агент, внутри защиты которого находится токсичная кислота. 
Здоровье: 80
 Специальная способность: Оставляет токсичную кислоту после смерти.</name>
</text>

<text>
	<id>612</id>
	<name>Красный защитный заражённый
Длительный контакт с химическими жидкостями вызвал ужасные мутации, даровавшие ему повышенную скорость и больше смертоносной жидкости.
Здоровье: 120
Особые способности: Высокая скорость, оставляет за собой токсичную кислоту при движении, при смерти разбрызгивает большое количество токсичной кислоты.</name>
</text>

<text>
	<id>613</id>
	<name>Специальный агент - крикун.
Вирус усилил его мозг, сделав его не таким безумным, как другие зараженные, но он будет вызывать окружающих зараженных, чтобы те напали на вас группой.
Здоровье: 50
Специальная способность: Оглушающий крик для вызова зараженных.</name>
</text>

<text>
	<id>614</id>
	<name>Заражённый полицейский
Вирус сохранил у него инстинкт стрелять из оружия, что делает его опаснее обычных заражённых.
Здоровье: 100
Особая способность: Стрельба из оружия</name>
</text>

<text>
	<id>615</id>
	<name>Заражённый офицер.
До заражения был хорошо обученным офицером, что дало ему более крепкое телосложение, чем у обычных заражённых, а вирус сохранил у него инстинкт стрельбы из оружия.
Здоровье: 120
Особая способность: Стрельба из оружия.</name>
</text>

<text>
	<id>616</id>
	<name>Зараженный в боевой экипировке  
Зараженный, одетый в боевую экипировку. Эта экипировка не смогла защитить его от заражения при жизни, но теперь она хорошо его защищает.  
Здоровье: 250  
Специальные способности: Нет.</name>
</text>

<text>
	<id>617</id>
	<name>Специальная способность - прыжок на жертву
Вирус значительно усилил мышцы его ног, позволив ему наносить атаки, бросаясь на цель с разбега.
Здоровье: 150
Специальная способность: атака с разбега.</name>
</text>

<text>
	<id>618</id>
	<name>Специальный эффект - Рвота
Вирус заставляет его рот содержать большое количество токсичной жидкости, и он пытается выплюнуть её на всех живых существ, которых видит.
Здоровье: 100
Специальная способность: Выплёвывание токсичных бомб</name>
</text>

<text>
	<id>619</id>
	<name>Особенный заражённый - Атлет
Был выдающимся спортсменом до заражения, и сейчас продолжает выделяться в мире зомби.
Здоровье: 100
Особая способность: Повышенная скорость передвижения, пытается уклоняться от ваших пуль.</name>
</text>

<text>
	<id>620</id>
	<name>Спецназ - крепкий военный
До заражения он был крепким военным, и вирус сохранил его силу и ловкость.
Здоровье: 120
Специальные способности: более высокая скорость передвижения, попытки уклониться от ваших пуль.</name>
</text>

<text>
	<id>621</id>
	<name>Специальный зомби - стрелок в шлеме Горка
Заражённый военный в хорошем снаряжении, вирус сохраняет его инстинкт стрельбы из оружия и будет пытаться непрерывно стрелять по любому живому существу, которое он увидит.
Здоровье: 175
Специальные способности: стрельба из оружия</name>
</text>

<text>
	<id>622</id>
	<name>Зараженный в тяжелой броне
 Хорошо экипированный зараженный, который в своей жизни носил тяжелую броню, теперь прекрасно защищает себя в ней.
 Здоровье: 1000
 Специальные способности: Нет</name>
</text>

<text>
	<id>623</id>
	<name>[Появляется только на легендарном уровне сложности]
Элитный мутант - Радиоактивный труп
Хорошая защитная одежда не смогла предотвратить его заражение, а длительное пребывание в радиационной среде привело к ещё более ужасающим мутациям.
Здоровье: 1200
Специальные способности: очень высокая скорость передвижения, наносит ядовитый урон при атаке, распыляет большое количество ядовитой кислоты при получении урона или смерти.</name>
</text>

<text>
	<id>624</id>
	<name>[Появляется только на легендарной сложности]
Элитный спец. агент - Чума
Исследователь, пытавшийся разработать противоядие, заразился и ввёл себе не до конца разработанный препарат, что привело к чудовищным мутациям.
Здоровье: 2000
Особые способности: Игнорирует блок, повышенная скорость передвижения, атаки вызывают отравление, атаки обезоруживают, при получении урона разбрасывает ослепляющие токсичные бомбы, при смерти разбрызгивает большое количество едкой токсичной жидкости.</name>
</text>

<text>
	<id>625</id>
	<name>Элитный Танк
Чрезвычайно опасный инфицированный, вирус значительно усилил его тело и силу, позволив ему легко наносить серьёзный ущерб любому живому существу.
Здоровье: 2500 (не легендарный)/5000(легендарный)
Специальные способности: высокий урон в ближнем бою, игнорирование блока, атака с разбега, атака с броском, атака с обезоруживанием противника.</name>
</text>

<text>
	<id>626</id>
	<name>[Нижеследующее содержимое из зимнего контент-пакета]
Специальный зомби - Снеговик
Этот инфицированный не знает, кто его так драматично обмотал гирляндами. Похоже, зомби тоже любят праздновать.
Здоровье: 50
Специальная способность: Вызывает ближайших инфицированных.</name>
</text>

<text>
	<id>627</id>
	<name>Выжившие
 Нейтральные выжившие: не будут активно атаковать вас и попытаются установить с вами торговые отношения.
 Враждебные выжившие: будут активно атаковать других выживших, получая удовольствие от поджогов и грабежей.
 Дружественные выжившие: мирные выжившие, которые будут помогать вам выживать в этом апокалипсисе.
 Здоровье: 100.</name>
</text>

<text>
	<id>628</id>
	<name>Черные бандиты  
Опасные элементы в пост-апокалиптическом мире, обладающие отличным снаряжением и пытающиеся атаковать всех остальных выживших.  
Здоровье: 110</name>
</text>

<text>
	<id>629</id>
	<name>Черный разбойник в шлеме Горка
Лидер черных разбойников, обладающий лучшим снаряжением и представляющий большую опасность.
Здоровье: 250</name>
</text>

</list>