<?xml version="1.0"?>
<list>
	<text>
		<id>1</id>
		<name>Кровотечение остановилось.</name>
	</text>
	<text>
		<id>2</id>
		<name>Я чувствую себя хорошо.</name>
	</text>
	<text>
		<id>3</id>
		<name>Я чувствую, как теряю кровь.</name>
	</text>
	<text>
		<id>4</id>
		<name>Я замерзаю.</name>
	</text>
	<text>
		<id>5</id>
		<name>Я умираю от голода.</name>
	</text>
	<text>
		<id>6</id>
		<name>Я умираю от жажды.</name>
	</text>
	<text>
		<id>7</id>
		<name>Я нашел кое-что в этом багажнике.</name>
	</text>
	<text>
		<id>8</id>
		<name>В этом багажнике ничего нет.</name>
	</text>
	<text>
		<id>9</id>
		<name>Боеприпасы закончились.</name>
	</text>
	<text>
		<id>10</id>
		<name>Магазин пуст.</name>
	</text>
	<text>
		<id>11</id>
		<name>Оружие поломалось!</name>
	</text>
	<text>
		<id>12</id>
		<name>В этом насосе нет воды.</name>
	</text>
	<text>
		<id>13</id>
		<name>Я не хочу пить.</name>
	</text>
	<text>
		<id>14</id>
		<name>Я съел сырой стейк.</name>
	</text>
	<text>
		<id>15</id>
		<name>Для этого мне нужен водяной насос.</name>
	</text>
	<text>
		<id>16</id>
		<name>Я наполнил ее водой из водяного насоса.</name>
	</text>
	<text>
		<id>17</id>
		<name>Я съел </name>
	</text>
	<text>
		<id>18</id>
		<name>Я выпил </name>
	</text>
	<text>
		<id>19</id>
		<name>Я использовал </name>
	</text>
	<text>
		<id>32</id>
		<name>Оружие полностью заряжено.</name>
	</text>
	<text>
		<id>33</id>
		<name>Патроны заряжены.</name>
	</text>
	<text>
		<id>34</id>
		<name>Не помещается.</name>
	</text>
	<text>
		<id>36</id>
		<name>Я не истекаю кровью.</name>
	</text>
	<text>
		<id>37</id>
		<name>Переливание крови завершено.</name>
	</text>
	<text>
		<id>38</id>
		<name>Уже заряжено.</name>
	</text>
	<text>
		<id>39</id>
		<name>Мне нужен налобный фонарь или очки ночного видения.</name>
	</text>
	<text>
		<id>40</id>
		<name>Мне нужно положить комплект для костра на землю, чтобы разжечь костер.</name>
	</text>
	<text>
		<id>42</id>
		<name>Переливание физраствора завершено.</name>
	</text>
	<text>
		<id>44</id>
		<name>Оружие поломалось.</name>
	</text>
	<text>
		<id>45</id>
		<name>Оружие почищено.</name>
	</text>
	<text>
		<id>47</id>
		<name>Автомобиль заправлен.</name>
	</text>
	<text>
		<id>48</id>
		<name>Для этого мне нужен автомобиль.</name>
	</text>
	<text>
		<id>49</id>
		<name>Бутылка пустая.</name>
	</text>
	<text>
		<id>50</id>
		<name>Я отпил из бутылки с водой.</name>
	</text>
	<text>
		<id>51</id>
		<name>Фляга пустая.</name>
	</text>
	<text>
		<id>52</id>
		<name>Я отпил из фляги.</name>
	</text>
	<text>
		<id>53</id>
		<name>Мина установлена.</name>
	</text>
	<text>
		<id>54</id>
		<name>Капкан установлен.</name>
	</text>
	<text>
		<id>55</id>
		<name>Автомобиль отремонтирован.</name>
	</text>
	<text>
		<id>56</id>
		<name>Я приготовил стейк.</name>
	</text>
	<text>
		<id>57</id>
		<name>Для этого мне нужен костер.</name>
	</text>
	<text>
		<id>59</id>
		<name>Я выпил Nuko Cola. Чувствую себя прекрасно!</name>
	</text>
	<text>
		<id>60</id>
		<name>Добыча освежевана.</name>
	</text>
	<text>
		<id>61</id>
		<name>Нечего свежевать.</name>
	</text>
	<text>
		<id>62</id>
		<name>Нет свободных слотов.</name>
	</text>
	<text>
		<id>63</id>
		<name>Нож поломался.</name>
	</text>
	<text>
		<id>64</id>
		<name>Для этого мне нужно больше деревянных палок.</name>
	</text>
	<text>
		<id>65</id>
		<name>Налобный фонарь сломался.</name>
	</text>
	<text>
		<id>66</id>
		<name>Очки ночного видения сломались.</name>
	</text>
	<text>
		<id>68</id>
		<name>Мне потребуется кирка, вилы или лопата.</name>
	</text>
	<text>
		<id>69</id>
		<name>Невозможно посадить здесь.</name>
	</text>
	<text>
		<id>70</id>
		<name>Посадил.</name>
	</text>
	<text>
		<id>72</id>
		<name>Мне нужен нож, чтобы освежевать добычу.</name>
	</text>
	<text>
		<id>73</id>
		<name>У меня нет оружия дальнего боя.</name>
	</text>
	<text>
		<id>74</id>
		<name>Коснитесь здесь, чтобы бросить сигнальную шашку.</name>
	</text>
	<text>
		<id>75</id>
		<name>Коснитесь здесь, чтобы бросить гранату.</name>
	</text>
	<text>
		<id>76</id>
		<name>Она уже полная.</name>
	</text>
	<text>
		<id>77</id>
		<name>Я отпил из водяного насоса.</name>
	</text>
	<text>
		<id>78</id>
		<name>Я хочу съесть что-нибудь.</name>
	</text>
	<text>
		<id>79</id>
		<name>Я хочу выпить что-нибудь.</name>
	</text>
	<text>
		<id>80</id>
		<name>Довольно холодно.</name>
	</text>
	<text>
		<id>81</id>
		<name>Я начинаю замерзать.</name>
	</text>
	<text>
		<id>82</id>
		<name>Я начинаю согреваться.</name>
	</text>
	<text>
		<id>83</id>
		<name>Мне нужно больше заряда аккумулятора.</name>
	</text>
	<text>
		<id>84</id>
		<name>Похоже, поблизости нет обломков военной техники.</name>
	</text>
	<text>
		<id>85</id>
		<name>Похоже, что поблизости есть обломки военной техники.</name>
	</text>
	<text>
		<id>100</id>
		<name>Черт, я серьезно ранен.</name>
	</text>
	<text>
		<id>101</id>
		<name>Хорошо, я постою на страже.</name>
	</text>
	<text>
		<id>102</id>
		<name>Я тебя прикрою, пока ты ищешь добычу.</name>
	</text>
	<text>
		<id>103</id>
		<name>Ты блокируешь цель!</name>
	</text>
	<text>
		<id>104</id>
		<name>Эй! Давай объединимся!</name>
	</text>
	<text>
		<id>105</id>
		<name>Так не честно!</name>
	</text>
	<text>
		<id>106</id>
		<name>Черт, у него пистолет!</name>
	</text>
	<text>
		<id>107</id>
		<name>Твою мать!</name>
	</text>
	<text>
		<id>108</id>
		<name>Быстрей, сюда!</name>
	</text>
	<text>
		<id>109</id>
		<name>Получи!</name>
	</text>
	<text>
		<id>110</id>
		<name>Я тебя вижу!</name>
	</text>
	<text>
		<id>111</id>
		<name>Мне нечего предложить взамен. Извини, спроси кого-нибудь еще.</name>
	</text>
	<text>
		<id>125</id>
		<name>Я мирный.</name>
	</text>
	<text>
		<id>126</id>
		<name>Хорошо.</name>
	</text>
	<text>
		<id>127</id>
		<name>Спасибо, что отремонтировал лодку для нас.</name>
	</text>

	<!-- Update 1.2.0 addings -->

<text>
	<id>86</id>
	<name>Из этой винтовки нельзя сделать обрез.</name>
</text>

<text>
	<id>87</id>
	<name>Эта дверь полностью сломана.</name>
</text>

<text>
	<id>88</id>
	<name>Здесь газ! Мне нужен противогаз!</name>
</text>


<!-- Update 1.3.0 addings -->

<text>
	<id>89</id>
	<name>Для этого мне нужен автомобиль.</name>
</text>

<text>
	<id>90</id>
	<name>Я не могу сделать это, находясь в автомобиле.</name>
</text>

<text>
	<id>91</id>
	<name>Этот автомобиль уже в хорошем состоянии.</name>
</text>

<text>
	<id>92</id>
	<name>Этот автомобиль уже полностью заправлен топливом.</name>
</text>

<!-- Quests -->

<text>
	<id>131</id>
	<name>Мне нечего тебе сказать.</name>
</text>

<text>
	<id>132</id>
	<name>Для этого мне нужно озеро или море.</name>
</text>

<text>
	<id>133</id>
	<name>Я не вижу поблизости никакой рыбы.</name>
</text>

<text>
	<id>135</id>
	<name>Я не болен.</name>
</text>

<text>
	<id>136</id>
	<name>Еще раз спасибо за помощь. Мы скоро выдвигаемся.</name>
</text>

<text>
	<id>137</id>
	<name>Вы нашли записку с заметками о различных местах на карте.</name>
</text>

<text>
	<id>138</id>
	<name>Спасибо! Ваше вознаграждение отмечено на карте.</name>
</text>

<text>
	<id>140</id>
	<name>Попался!</name>
</text>

<text>
	<id>141</id>
	<name>Черт, ускользнул.</name>
</text>

<text>
	<id>142</id>
	<name>Я больше не могу это запомнить.</name>
</text>

<text>
	<id>143</id>
	<name>У меня нет с собой оружия.</name>
</text>

<text>
	<id>144</id>
	<name>Не могу отпустить</name>
</text>

<text>
	<id>145</id>
	<name>У меня нет рюкзака.</name>
</text>

<text>
	<id>146</id>
	<name>Эта сумка слишком мала.</name>
</text>

<text>
	<id>147</id>
	<name>Я выложил другое оборудование</name>
</text>

<text>
	<id>148</id>
	<name>В баке недостаточно масла.</name>
</text>

<text>
	<id>149</id>
	<name>Мне нужна машина или бензопила, которые я смогу использовать</name>
</text>

<text>
	<id>150</id>
	<name>Мне нужна заправка с бензином.</name>
</text>

<text>
	<id>151</id>
	<name>На этой заправке нет бензина.</name>
</text>

<text>
	<id>152</id>
	<name>Мир немного изменился.</name>
</text>

<text>
	<id>153</id>
	<name>Оружие, оборудование и транспортные средства не будут повреждены.</name>
</text>

<text>
	<id>154</id>
	<name>Невосприимчив к загрязнению туманом</name>
</text>

<text>
	<id>155</id>
	<name>Следующая атака ближнего боя будет критическим ударом.</name>
</text>

<text>
	<id>156</id>
	<name>Увеличивает шанс блока на 20% в следующем ближнем бою.</name>
</text>

<text>
	<id>157</id>
	<name>Может сломать некоторые предметы</name>
</text>

<text>
	<id>158</id>
	<name>Замедляет врагов.</name>
</text>

<text>
	<id>159</id>
	<name>Некоторые предметы можно трансформировать</name>
</text>

<text>
	<id>160</id>
	<name>Защита от дождя</name>
</text>

<text>
	<id>161</id>
	<name>Увеличьте скорость передвижения на 5%
(Наступление на ядовитые ямы может привести к повреждению)</name>
</text>

<text>
	<id>162</id>
	<name>Увеличивает скорость передвижения на 5% Иммунитет к замедлению болота
(Наступание на ядовитые ямы может нанести урон)</name>
</text>

<text>
	<id>163</id>
	<name>Увеличивает скорость передвижения на 10% Иммунитет к замедлению болота
(Наступание на ядовитые ямы может нанести урон)</name>
</text>

<text>
	<id>164</id>
	<name>Я носил другую обувь.</name>
</text>

<text>
	<id>165</id>
	<name>Тепло +2</name>
</text>

<text>
	<id>166</id>
	<name>Мокро: Снижение скорости передвижения на 5%, Тепло -2</name>
</text>

<text>
	<id>167</id>
	<name>Я промок</name>
</text>

<text>
	<id>168</id>
	<name>Болезнь: постоянное снижение уровня здоровья и усиление чувства голода и жажды.</name>
</text>

<text>
	<id>169</id>
	<name>Отключить цель</name>
</text>

<text>
	<id>170</id>
	<name>Невосприимчив к радиации, невосприимчив к отравлению, невосприимчив к мародерству зомби и штрафам за загрязнение.</name>
</text>

<text>
	<id>171</id>
	<name>Загрязнение: Постоянное снижение здоровья. Отравление через 5 секунд без использования противогаза.</name>
</text>

<text>
	<id>172</id>
	<name>Остановите пулю</name>
</text>

<text>
	<id>173</id>
	<name>Радиация: Постоянное снижение здоровья, кровотечение через 10 секунд без защитной одежды.</name>
</text>

<text>
	<id>174</id>
	<name>Не могу повесить трубку</name>
</text>

<text>
	<id>175</id>
	<name>Условия разблокировки не выполнены (необходимо разблокировать роль «Программист»)</name>
</text>

<text>
	<id>176</id>
	<name>Бесконечный стак</name>
</text>

<text>
	<id>177</id>
	<name>Оружие и одежду, хранящиеся в рюкзаке в этом раунде, оставьте до следующего раунда.</name>
</text>

<text>
	<id>178</id>
	<name>Условия разблокировки не выполнены (необходимо разблокировать роль «Ученый»)</name>
</text>

<text>
	<id>179</id>
	<name>Игнорировать яму с ядом.</name>
</text>

<text>
	<id>180</id>
	<name>Игнорировать штрафы за мародерство</name>
</text>

<text>
	<id>181</id>
	<name>Мне нужны защитные бахилы, защитные перчатки, защитные материалы × 3</name>
</text>

<text>
	<id>182</id>
	<name>Количество генерируемых зомби увеличилось. 
Выжившие немедленно превратятся в зомби после смерти.
Скрытые острова стали загрязненными/радиационными островами.</name>
</text>

<text>
	<id>183</id>
	<name>Мёртвые</name>
</text>

<text>
	<id>184</id>
	<name>Я чувствую себя плохо</name>
</text>

<text>
	<id>185</id>
	<name>Я скоро умру.</name>
</text>

<text>
	<id>186</id>
	<name>Оставшегося заряда хватит на</name>
</text>

<text>
	<id>187</id>
	<name>Верхний предел объема крови увеличивается вдвое, а верхний предел сытости и влаги удваивается</name>
</text>

<text>
	<id>188</id>
	<name>Не могу больше его носить</name>
</text>

<text>
	<id>189</id>
	<name>Здоровье: непрерывное восстановление жизни и ценностей здоровья</name>
</text>

<text>
	<id>190</id>
	<name>Внешнее защитное снаряжение</name>
</text>

<text>
	<id>191</id>
	<name>Скрыть броню</name>
</text>

<text>
	<id>192</id>
	<name>Большинство зомби имеют особые способности и вероятность появления гигантов</name>
</text>

<text>
	<id>193</id>
	<name>Электрический удар: замедляет, выгорание крови</name>
</text>

<text>
	<id>194</id>
	<name>Должен быть мёрт, чтобы сделать это</name>
</text>

<text>
	<id>195</id>
	<name>Нет электричества</name>
</text>

<text>
	<id>196</id>
	<name>Вокруг меня нет собак</name>
</text>

<text>
	<id>197</id>
	<name>Нужно отдохнуть</name>
</text>

<text>
	<id>198</id>
	<name>Нажмите на защитные перчатки для защиты</name>
</text>

<text>
	<id>199</id>
	<name>Мне нужен жилет Kevla или тяжелая броня М</name>
</text>

<text>
	<id>200</id>
	<name>Недоступно на данный момент</name>
</text>

<text>
	<id>201</id>
	<name>Приходит большая катастрофа</name>
</text>

<text>
	<id>202</id>
	<name>NPC будет стрелять непрерывно из автоматического оружия</name>
</text>

<text>
	<id>203</id>
	<name>Этот автомобиль больше не может быть подкреплен</name>
</text>

<text>
	<id>204</id>
	<name>Предметы в машине, не исчезнут</name>
</text>

<text>
	<id>205</id>
	<name>Материалы в автомобиле не исчезнут, а уничтожение не повредит им</name>
</text>

<text>
	<id>206</id>
	<name>Мне нужна металлическая пластина</name>
</text>

<text>
	<id>207</id>
	<name>Рядом нужен товарищ по команде</name>
</text>

<text>
	<id>208</id>
	<name>Автоматически поглощает предметы, с которыми вы сталкиваетесь</name>
</text>

<text>
	<id>209</id>
	<name>Установлено в автомобиль</name>
</text>

<text>
	<id>210</id>
	<name>Режим непрерывной стрельбы включен</name>
</text>

<text>
	<id>211</id>
	<name>Полностью автоматический режим включен</name>
</text>

<text>
	<id>212</id>
	<name>Нечего перерабатывать</name>
</text>

<text>
	<id>213</id>
	<name>Наэлектролизован</name>
</text>

<text>
	<id>214</id>
	<name>Я залил бензин</name>
</text>

<text>
	<id>215</id>
	<name>Нечего удалить вокруг</name>
</text>

<text>
	<id>216</id>
	<name>Ущерб удвоится в следующей атаке ближнего боя</name>
</text>

<text>
	<id>217</id>
	<name>Целый</name>
</text>

<text>
	<id>218</id>
	<name>Повреждён</name>
</text>

<text>
	<id>219</id>
	<name>Долговечность слишком низкая</name>
</text>

<text>
	<id>220</id>
	<name>Мне нужны тряпки×3</name>
</text>

<text>
	<id>221</id>
	<name>Небеса нисходят</name>
</text>

<text>
	<id>222</id>
	<name>Кровавая Луна наступила</name>
</text>

<text>
	<id>223</id>
	<name>Штатив выдвинут</name>
</text>

<text>
	<id>224</id>
	<name>Мои руки заняты, Я не могу этого сделать.</name>
</text>

<text>
	<id>225</id>
	<name>У меня нет этого оборудования.</name>
</text>

<text>
	<id>226</id>
	<name>Здесь можно хранить ножи, спички, зажигалки и военные фляги.</name>
</text>

<text>
	<id>227</id>
	<name>Только медицинские принадлежности и лекарства.</name>
</text>

<text>
	<id>228</id>
	<name>Только скотч, клей и швейный набор.</name>
</text>

<text>
	<id>229</id>
	<name>Отсутствие аккумулятора с достаточным зарядом</name>
</text>

<text>
	<id>230</id>
	<name>Рация случайно поймала сигнал ретранслятора бункера!</name>
</text>

<text>
	<id>231</id>
	<name>Кажется, нужно запитать эту дверь генератором</name>
</text>

<text>
	<id>232</id>
	<name>Мне нужен генератор поблизости.</name>
</text>

<text>
	<id>233</id>
	<name>Эта батарея полностью заряжена.</name>
</text>

<text>
	<id>234</id>
	<name>Я нахожусь в токсичной зоне</name>
</text>

<text>
	<id>235</id>
	<name>Это место пропитано радиацией</name>
</text>

<text>
	<id>236</id>
	<name>Мне нужен огонь и сковорода.</name>
</text>

<text>
	<id>237</id>
	<name>Я приготовил яйца</name>
</text>

<text>
	<id>238</id>
	<name>Я приготовил жареное мясо с зеленым перцем.</name>
</text>

<text>
	<id>239</id>
	<name>Я приготовила яичницу с помидорами.</name>
</text>

<text>
	<id>240</id>
	<name>Нажмите, чтобы переключить 
Откройте рюкзак, нажмите и удерживайте, чтобы вынуть 
Закройте рюкзак, нажмите и удерживайте, чтобы выбросить</name>
</text>

<text>
	<id>241</id>
	<name>Сегодня ночью опасно. Я не могу спать.</name>
</text>

<text>
	<id>242</id>
	<name>Оставшееся количество: </name>
</text>

<text>
	<id>243</id>
	<name>Усталость: Скорость блока -20% Скорость передвижения -10%</name>
</text>

<text>
	<id>244</id>
	<name>Отсутствуют защитные перчатки</name>
</text>

<text>
	<id>245</id>
	<name>Отсутствуют защитные бахилы</name>
</text>

<text>
	<id>246</id>
	<name>Поблизости нет такого оборудования</name>
</text>

<text>
	<id>247</id>
	<name>Мне нужно</name>
</text>

<text>
	<id>248</id>
	<name>Опыт</name>
</text>

<text>
	<id>249</id>
	<name>Я съел ягоду</name>
</text>

</list>